subject,course_number,instructor_name,first_seen_term,last_seen_term
ACCT,A101,Adam Moore,Fall 2025,Fall 2025
ACCT,A101,Arabian Morgan,Intersession/Spring 2023,Fall 2026
ACCT,A101,Cyndee Ely,Intersession/Spring 2023,Fall 2026
ACCT,A101,Douglas Johnson,Intersession/Spring 2023,Fall 2026
ACCT,A101,Jeanne Neil,Intersession/Spring 2023,Winter/Spring 2025
ACCT,A101H,Arabian Morgan,Fall 2025,Fall 2026
ACCT,A102,Arabian Morgan,Intersession/Spring 2023,Fall 2026
ACCT,A102,Cyndee Ely,Intersession/Spring 2024,Fall 2025
ACCT,A102,Douglas Johnson,Intersession/Spring 2023,Fall 2026
ACCT,A102,Jeanne Neil,Intersession/Spring 2023,Winter/Spring 2026
ACCT,A102H,Douglas Johnson,Fall 2025,Fall 2026
ACCT,A110,Adam Moore,Intersession/Spring 2023,Fall 2026
ACCT,A110,Cyndee Ely,Fall 2023,Fall 2023
ACCT,A110,Douglas Johnson,Intersession/Spring 2023,Summer 2026
ACCT,A111,Adam Moore,Fall 2024,Fall 2026
ACCT,A111,Miklos Ringbauer,Fall 2023,Fall 2025
ACCT,A112,Adam Moore,Winter/Spring 2025,Winter/Spring 2025
ACCT,A116,Adam Moore,Winter/Spring 2025,Winter/Spring 2025
ACCT,A116,Miklos Ringbauer,Intersession/Spring 2023,Intersession/Spring 2024
ACCT,A116,Peter Mitchell,Winter/Spring 2026,Winter/Spring 2026
ACCT,A118,Douglas Johnson,Intersession/Spring 2023,Summer 2026
ACCT,A119,Douglas Johnson,Summer 2026,Summer 2026
ACCT,A119,Peter Mitchell,Intersession/Spring 2024,Intersession/Spring 2024
ACCT,A210,Peter Mitchell,Fall 2023,Fall 2026
ACCT,A212,Peter Mitchell,Fall 2023,Fall 2026
ACCT,A213,Peter Mitchell,Intersession/Spring 2023,Winter/Spring 2026
ACCT,A215,Adam Moore,Intersession/Spring 2024,Intersession/Spring 2024
ACCT,A218,Adam Moore,Fall 2023,Winter/Spring 2026
ADLT,A040N,Ivon Saldana,Fall 2026,Fall 2026
ADLT,A041N,Ivon Saldana,Fall 2026,Fall 2026
ALH,A001N,Raenie Kane,Fall 2023,Fall 2026
ALH,A002N,Raenie Kane,Fall 2023,Fall 2026
ALH,A009N,Raenie Kane,Fall 2023,Fall 2026
ALH,A010,Jennifer Elias,Fall 2026,Fall 2026
ALH,A010,Kelly Holt,Summer 2023,Summer 2024
ALH,A010,Lisa Kiyohara,Fall 2023,Fall 2023
ALH,A010,Loren Sachs,Intersession/Spring 2023,Fall 2025
ALH,A010,Lynne Marian,Fall 2025,Fall 2026
ALH,A012,Lynne Marian,Intersession/Spring 2023,Winter/Spring 2025
ALH,A111,Anna Hanlon,Fall 2026,Fall 2026
ALH,A111,Christy Brown,Winter/Spring 2026,Winter/Spring 2026
ALH,A111,Guido Sendowsky,Intersession/Spring 2023,Fall 2026
ALH,A111,Jennifer Elias,Summer 2026,Summer 2026
ALH,A111,Jennifer Rafferty,Winter/Spring 2025,Summer 2026
ALH,A111,Ljiljana Novkovic,Winter/Spring 2025,Fall 2026
ALH,A111,Pamela Ratzlaff,Fall 2025,Fall 2026
ALH,A111,Rana najjar Najjar,Summer 2025,Summer 2026
ALH,A111,Raymond Ranada,Fall 2026,Fall 2026
ALH,A111,Tabitha Liang,Summer 2023,Winter/Spring 2026
ALH,A111,Tierney Loveland-Grace,Fall 2025,Fall 2026
ALH,A112,Jillian Yudin,Winter/Spring 2025,Winter/Spring 2026
ALH,A112,Jimmy Nguyen,Fall 2024,Fall 2024
ALH,A112,Tricia Buckles,Intersession/Spring 2023,Intersession/Spring 2024
ALH,A115,Alison Riggio,Fall 2023,Fall 2026
ALH,A115,Tierney Loveland-Grace,Summer 2026,Summer 2026
ALH,A120,Alison Riggio,Intersession/Spring 2023,Fall 2026
ALH,A130,Brian Beichner,Intersession/Spring 2023,Intersession/Spring 2023
ALH,A130,Ljiljana Novkovic,Fall 2023,Fall 2026
AMT,A150,John Carter,Fall 2023,Fall 2026
AMT,A150,Robert Lee,Fall 2024,Fall 2024
AMT,A150,Rodney Foster,Fall 2025,Fall 2025
AMT,A151,Don Kimball,Summer 2025,Summer 2025
AMT,A151,Raymond Seidel,Fall 2023,Fall 2023
AMT,A151,Ron Franz,Fall 2023,Fall 2026
AMT,A151,Tony Benjamin,Fall 2026,Fall 2026
AMT,A152,Don Kimball,Summer 2023,Summer 2023
AMT,A152,John Carter,Fall 2026,Fall 2026
AMT,A152,Robert Lee,Winter/Spring 2025,Summer 2026
AMT,A152,Ron Franz,Fall 2023,Fall 2025
AMT,A153,John Carter,Fall 2023,Fall 2026
AMT,A153,Rodney Foster,Intersession/Spring 2023,Winter/Spring 2026
AMT,A154,Don Kimball,Fall 2024,Fall 2024
AMT,A154,John Carter,Fall 2023,Fall 2023
AMT,A154,Raymond Seidel,Intersession/Spring 2023,Intersession/Spring 2023
AMT,A154,Robert Lee,Winter/Spring 2026,Winter/Spring 2026
AMT,A154,Rodney Foster,Fall 2026,Fall 2026
AMT,A154,Samantha Thek,Fall 2024,Fall 2025
AMT,A155,John Carter,Intersession/Spring 2023,Winter/Spring 2026
AMT,A155,Robert Lee,Intersession/Spring 2023,Winter/Spring 2026
AMT,A155,Rodney Foster,Summer 2023,Winter/Spring 2025
AMT,A160,Robert Lee,Intersession/Spring 2024,Fall 2025
AMT,A160,Ron Franz,Intersession/Spring 2023,Winter/Spring 2026
AMT,A161,John Carter,Intersession/Spring 2023,Winter/Spring 2026
AMT,A161,Robert Lee,Fall 2024,Fall 2024
AMT,A161,Rodney Foster,Fall 2025,Fall 2025
AMT,A162,Don Kimball,Intersession/Spring 2023,Summer 2024
AMT,A162,John Carter,Intersession/Spring 2023,Winter/Spring 2026
AMT,A162,Robert Lee,Winter/Spring 2026,Winter/Spring 2026
AMT,A162,Samantha Thek,Fall 2026,Fall 2026
AMT,A163,John Carter,Summer 2023,Summer 2026
AMT,A163,Rodney Foster,Intersession/Spring 2023,Winter/Spring 2026
AMT,A170,Robert Lee,Intersession/Spring 2024,Winter/Spring 2025
AMT,A170,Ron Franz,Fall 2023,Fall 2026
AMT,A171,Rodney Foster,Fall 2023,Fall 2026
AMT,A172,Rodney Foster,Intersession/Spring 2023,Winter/Spring 2026
AMT,A173,Robert Lee,Fall 2023,Fall 2025
AMT,A173,Ron Franz,Intersession/Spring 2023,Winter/Spring 2026
AMT,A173,Samantha Thek,Fall 2026,Fall 2026
AMT,A174,Rodney Foster,Intersession/Spring 2023,Fall 2026
AMT,A180,John Carter,Intersession/Spring 2023,Winter/Spring 2026
AMT,A180,Rodney Foster,Summer 2023,Fall 2023
AMT,A180,Samantha Thek,Summer 2026,Summer 2026
AMT,A181,Don Kimball,Intersession/Spring 2023,Winter/Spring 2026
AMT,A181,John Carter,Intersession/Spring 2023,Intersession/Spring 2023
AMT,A181,Rodney Foster,Fall 2023,Summer 2025
AMT,A182,Scott Farner,Fall 2023,Winter/Spring 2026
AMT,A184,Scott Farner,Intersession/Spring 2023,Fall 2026
AMT,A188,Scott Farner,Fall 2025,Fall 2025
AMT,A290,Don Kimball,Fall 2023,Fall 2023
ANTH,A100,Dianna Stifter,Summer 2023,Summer 2023
ANTH,A100,Katie Zeoli,Fall 2023,Fall 2024
ANTH,A100,Lindsay Asbury,Intersession/Spring 2023,Fall 2026
ANTH,A100,Maureen Salsitz,Intersession/Spring 2023,Fall 2026
ANTH,A100,Ulrike Green,Intersession/Spring 2023,Fall 2026
ANTH,A100H,Ulrike Green,Fall 2023,Fall 2026
ANTH,A102,Katie Zeoli,Winter/Spring 2026,Winter/Spring 2026
ANTH,A102,Maureen Salsitz,Fall 2023,Fall 2023
ANTH,A185,Billy Wong,Intersession/Spring 2023,Fall 2026
ANTH,A185,Dianna Stifter,Intersession/Spring 2023,Fall 2026
ANTH,A185,Katie Zeoli,Intersession/Spring 2023,Fall 2025
ANTH,A185,Meredith Montagne,Intersession/Spring 2023,Fall 2026
ANTH,A185H,Meredith Montagne,Intersession/Spring 2023,Intersession/Spring 2024
ANTH,A185L,Billy Wong,Intersession/Spring 2023,Fall 2026
ANTH,A185L,Dianna Stifter,Fall 2024,Fall 2026
ANTH,A185L,Meredith Montagne,Intersession/Spring 2023,Fall 2026
ANTH,A187,Meredith Montagne,Fall 2023,Fall 2026
ANTH,A188,Billy Wong,Fall 2025,Fall 2025
ANTH,A190,Katie Zeoli,Fall 2024,Fall 2026
ANTH,A190,Matthew Davidson,Intersession/Spring 2023,Fall 2024
ANTH,A190,Meredith Montagne,Winter/Spring 2025,Fall 2025
ANTH,A220,Ulrike Green,Intersession/Spring 2023,Fall 2026
ANTH,A280,Ulrike Green,Intersession/Spring 2023,Fall 2026
APT,A110,Brendan O Reilly,Fall 2025,Fall 2026
APT,A110,Mike Mann,Fall 2023,Fall 2024
APT,A115,Brendan O Reilly,Fall 2024,Fall 2024
APT,A115,Mike Mann,Fall 2023,Fall 2026
APT,A120,Stanley Harriman,Intersession/Spring 2023,Fall 2026
APT,A121,Stanley Harriman,Intersession/Spring 2023,Fall 2026
APT,A122,Stanley Harriman,Intersession/Spring 2023,Fall 2026
APT,A123,Stanley Harriman,Intersession/Spring 2023,Fall 2026
APT,A124,Stanley Harriman,Intersession/Spring 2023,Fall 2026
APT,A126,Steve Roy,Winter/Spring 2026,Winter/Spring 2026
APT,A127,Stanley Harriman,Intersession/Spring 2023,Fall 2026
APT,A128,Stanley Harriman,Intersession/Spring 2023,Fall 2026
APT,A129,Stanley Harriman,Intersession/Spring 2023,Fall 2026
APT,A130,Stanley Harriman,Intersession/Spring 2023,Fall 2026
APT,A131,Joel Jones,Intersession/Spring 2023,Fall 2026
APT,A132,Stanley Harriman,Intersession/Spring 2023,Winter/Spring 2026
APT,A133,Mike Mann,Intersession/Spring 2023,Fall 2026
APT,A134,Thomas Sutfin,Intersession/Spring 2023,Fall 2026
APT,A138,Mike Mann,Intersession/Spring 2023,Fall 2026
APT,A139,Clarence Stanback,Fall 2023,Fall 2026
APT,A139,Stanley Harriman,Intersession/Spring 2023,Summer 2026
APT,A140,Stanley Harriman,Intersession/Spring 2024,Winter/Spring 2026
APT,A141,Stanley Harriman,Fall 2023,Fall 2026
APT,A145,Stanley Harriman,Intersession/Spring 2023,Intersession/Spring 2024
APT,A145,Steve Roy,Summer 2024,Fall 2026
APT,A146,Stanley Harriman,Fall 2023,Fall 2026
APT,A151,Joel Jones,Intersession/Spring 2023,Fall 2026
APT,A160,Joel Jones,Fall 2026,Fall 2026
APT,A180,Clarence Stanback,Intersession/Spring 2023,Winter/Spring 2026
APT,A192,Stanley Harriman,Fall 2023,Fall 2026
APT,A199,Derek Honkawa,Fall 2026,Fall 2026
ARCH,A001N,Dean Abernathy,Summer 2023,Summer 2023
ARCH,A001N,Joseph Sarafian,Fall 2023,Fall 2026
ARCH,A001N,Rose Anne Kings,Intersession/Spring 2023,Intersession/Spring 2023
ARCH,A001N,Teva Crowley,Summer 2024,Summer 2026
ARCH,A004N,Rose Anne Kings,Intersession/Spring 2023,Intersession/Spring 2023
ARCH,A004N,Teva Crowley,Fall 2023,Fall 2026
ARCH,A006N,Behrad Khodadad Koucheki,Fall 2023,Fall 2025
ARCH,A006N,Rose Anne Kings,Intersession/Spring 2023,Intersession/Spring 2023
ARCH,A007N,Rose Anne Kings,Intersession/Spring 2023,Intersession/Spring 2023
ARCH,A007N,Teva Crowley,Winter/Spring 2026,Winter/Spring 2026
ARCH,A008N,Steve Lee,Intersession/Spring 2023,Fall 2025
ARCH,A021N,Rose Anne Kings,Intersession/Spring 2023,Intersession/Spring 2023
ARCH,A021N,Teva Crowley,Fall 2023,Fall 2026
ARCH,A022N,Rose Anne Kings,Intersession/Spring 2023,Intersession/Spring 2023
ARCH,A022N,Teva Crowley,Fall 2023,Fall 2026
ARCH,A041N,Rose Anne Kings,Intersession/Spring 2023,Intersession/Spring 2023
ARCH,A041N,Teva Crowley,Fall 2024,Fall 2026
ARCH,A042N,Teva Crowley,Winter/Spring 2025,Fall 2026
ARCH,A043N,Teva Crowley,Fall 2025,Fall 2026
ARCH,A101,David Molinaro,Fall 2026,Fall 2026
ARCH,A101,Emily DeCremer,Fall 2023,Winter/Spring 2026
ARCH,A101,Rose Anne Kings,Intersession/Spring 2023,Intersession/Spring 2023
ARCH,A102,Emily DeCremer,Intersession/Spring 2023,Intersession/Spring 2024
ARCH,A104,Rose Anne Kings,Intersession/Spring 2023,Intersession/Spring 2023
ARCH,A104,Teva Crowley,Fall 2023,Fall 2026
ARCH,A105,Dean Abernathy,Summer 2024,Summer 2024
ARCH,A105,Don Lee,Fall 2024,Fall 2026
ARCH,A105,Marcus Kemmerer,Intersession/Spring 2023,Fall 2026
ARCH,A105,Michael Cecconi,Fall 2023,Winter/Spring 2026
ARCH,A105,Rose Anne Kings,Intersession/Spring 2023,Intersession/Spring 2023
ARCH,A105,Steve Fuchs,Intersession/Spring 2023,Fall 2023
ARCH,A105,Steven Garcia,Fall 2023,Fall 2026
ARCH,A106,Behrad Khodadad Koucheki,Fall 2023,Fall 2025
ARCH,A106,Rose Anne Kings,Intersession/Spring 2023,Intersession/Spring 2023
ARCH,A107,Rose Anne Kings,Intersession/Spring 2023,Intersession/Spring 2023
ARCH,A107,Teva Crowley,Winter/Spring 2026,Winter/Spring 2026
ARCH,A108,Steve Lee,Intersession/Spring 2023,Fall 2025
ARCH,A110,Dean Abernathy,Fall 2023,Fall 2026
ARCH,A110,Rose Anne Kings,Intersession/Spring 2023,Intersession/Spring 2023
ARCH,A110H,Dean Abernathy,Intersession/Spring 2024,Winter/Spring 2026
ARCH,A115,Dean Abernathy,Fall 2025,Fall 2025
ARCH,A115,Nousha Emami,Winter/Spring 2026,Fall 2026
ARCH,A115,Steve Fuchs,Intersession/Spring 2023,Winter/Spring 2026
ARCH,A121,Rose Anne Kings,Intersession/Spring 2023,Intersession/Spring 2023
ARCH,A121,Teva Crowley,Fall 2023,Fall 2026
ARCH,A122,Rose Anne Kings,Intersession/Spring 2023,Intersession/Spring 2023
ARCH,A122,Teva Crowley,Fall 2023,Fall 2026
ARCH,A150,Carlos Silva,Intersession/Spring 2023,Fall 2026
ARCH,A155,Cory Adams,Fall 2025,Fall 2026
ARCH,A155,Daniel Nielsen,Intersession/Spring 2023,Fall 2026
ARCH,A155,Paras Nanavati,Intersession/Spring 2023,Winter/Spring 2025
ARCH,A156,Christine Obnial,Fall 2026,Fall 2026
ARCH,A156,Daniel Nielsen,Fall 2023,Fall 2025
ARCH,A156,James Spencer,Intersession/Spring 2023,Intersession/Spring 2023
ARCH,A156,Miles Kushin,Winter/Spring 2026,Winter/Spring 2026
ARCH,A157,Paras Nanavati,Intersession/Spring 2023,Winter/Spring 2025
ARCH,A158,Joseph Sarafian,Summer 2023,Summer 2023
ARCH,A158,Ronald Culver,Summer 2024,Summer 2025
ARCH,A160,Christine Obnial,Winter/Spring 2026,Fall 2026
ARCH,A160,James Spencer,Intersession/Spring 2024,Fall 2024
ARCH,A162,Natalie Darakjian,Fall 2026,Fall 2026
ARCH,A162,Steve Fuchs,Intersession/Spring 2023,Winter/Spring 2026
ARCH,A163,Steve Fuchs,Intersession/Spring 2023,Summer 2026
ARCH,A165,Steve Fuchs,Intersession/Spring 2023,Winter/Spring 2026
ARCH,A170,Teva Crowley,Summer 2025,Summer 2026
ARCH,A171,Steve Fuchs,Intersession/Spring 2023,Winter/Spring 2025
ARCH,A171,Teva Crowley,Fall 2025,Fall 2026
ARCH,A172,Steve Fuchs,Intersession/Spring 2023,Winter/Spring 2025
ARCH,A172,Teva Crowley,Fall 2025,Fall 2026
ARCH,A180,Joseph Sarafian,Intersession/Spring 2023,Fall 2026
ARCH,A185,Don Lee,Fall 2023,Fall 2025
ARCH,A185,Kevin Griendling,Fall 2026,Fall 2026
ARCH,A197,David Appel,Winter/Spring 2025,Winter/Spring 2025
ARCH,A199,Christine Obnial,Intersession/Spring 2024,Intersession/Spring 2024
ARCH,A199,Dean Abernathy,Summer 2026,Summer 2026
ARCH,A201,Dean Abernathy,Summer 2023,Summer 2023
ARCH,A201,Joseph Sarafian,Fall 2023,Fall 2026
ARCH,A201,Rose Anne Kings,Intersession/Spring 2023,Intersession/Spring 2023
ARCH,A201,Teva Crowley,Summer 2024,Summer 2026
ARCH,A202,Dean Abernathy,Summer 2023,Summer 2023
ARCH,A202,Joseph Sarafian,Fall 2023,Fall 2026
ARCH,A202,Rose Anne Kings,Intersession/Spring 2023,Intersession/Spring 2023
ARCH,A203,Joseph Sarafian,Fall 2025,Fall 2026
ARCH,A205,Christine Obnial,Intersession/Spring 2023,Fall 2023
ARCH,A205,Steve Fuchs,Intersession/Spring 2024,Summer 2026
ARCH,A215,Jordyn Watters,Winter/Spring 2026,Winter/Spring 2026
ARCH,A215,Joseph Sarafian,Intersession/Spring 2023,Fall 2026
ARCH,A220,Joseph Sarafian,Intersession/Spring 2023,Winter/Spring 2026
ARCH,A230,Dean Abernathy,Fall 2023,Fall 2026
ARCH,A230H,Dean Abernathy,Intersession/Spring 2023,Winter/Spring 2026
ARCH,A241,Rose Anne Kings,Intersession/Spring 2023,Intersession/Spring 2023
ARCH,A241,Teva Crowley,Fall 2024,Fall 2026
ARCH,A242,Teva Crowley,Winter/Spring 2025,Fall 2026
ARCH,A243,Teva Crowley,Fall 2025,Fall 2026
ARCH,A290,Dean Abernathy,Intersession/Spring 2023,Fall 2026
ARCH,A290H,Dean Abernathy,Fall 2023,Fall 2026
ARCH,A296,Dean Abernathy,Intersession/Spring 2023,Fall 2026
ARCH,A296H,Dean Abernathy,Intersession/Spring 2023,Winter/Spring 2026
ARLN,A137,Tina DeShano,Fall 2023,Fall 2026
ARLN,A139,Tina DeShano,Intersession/Spring 2023,Winter/Spring 2026
ART,A030N,Rebecca Erbstoesser,Fall 2026,Fall 2026
ART,A036N,Holly Topping,Fall 2026,Fall 2026
ART,A043N,Monroe Isenberg,Fall 2026,Fall 2026
ART,A048N,John Radosevich,Fall 2026,Fall 2026
ART,A070N,Katherine Sheehan Sheehan,Fall 2026,Fall 2026
ART,A100,Amy Kaeser,Intersession/Spring 2024,Intersession/Spring 2024
ART,A100,Angela Plunkett,Intersession/Spring 2023,Fall 2025
ART,A100,Gretchen Potts,Intersession/Spring 2023,Winter/Spring 2026
ART,A100,MIchael Hanson,Winter/Spring 2025,Winter/Spring 2026
ART,A100H,Angela Plunkett,Fall 2023,Fall 2025
ART,A101,Amy Kaeser,Intersession/Spring 2023,Fall 2023
ART,A101,Angela Plunkett,Winter/Spring 2025,Winter/Spring 2026
ART,A101,Gretchen Potts,Intersession/Spring 2024,Summer 2026
ART,A101,Stanley Murashige,Intersession/Spring 2023,Winter/Spring 2026
ART,A101H,Angela Plunkett,Intersession/Spring 2023,Winter/Spring 2026
ART,A102,Dana Doyle,Intersession/Spring 2023,Fall 2026
ART,A103,Dana Doyle,Intersession/Spring 2023,Winter/Spring 2026
ART,A107,Kevin Scianni,Fall 2024,Fall 2026
ART,A107,Roger Whitridge,Intersession/Spring 2023,Intersession/Spring 2024
ART,A108,Amy Kaeser,Intersession/Spring 2023,Winter/Spring 2026
ART,A108,Gretchen Potts,Winter/Spring 2025,Winter/Spring 2025
ART,A110,Cheryl Cotman,Fall 2023,Fall 2026
ART,A110,Chris Kerins,Winter/Spring 2025,Winter/Spring 2026
ART,A110,Dakota Noot,Fall 2025,Fall 2026
ART,A110,Gia Moody,Intersession/Spring 2023,Intersession/Spring 2023
ART,A110,Katherine Sheehan Sheehan,Intersession/Spring 2023,Fall 2026
ART,A110,Kevin Scianni,Intersession/Spring 2023,Fall 2026
ART,A110,MIchael Hanson,Fall 2024,Winter/Spring 2026
ART,A110,Marianne O'Barr,Intersession/Spring 2024,Intersession/Spring 2024
ART,A110,Natasha Shoro,Intersession/Spring 2023,Intersession/Spring 2024
ART,A110,Rebecca Erbstoesser,Intersession/Spring 2023,Fall 2026
ART,A110,Roger Whitridge,Intersession/Spring 2023,Intersession/Spring 2024
ART,A110,Sergio Rebia,Fall 2024,Winter/Spring 2025
ART,A110,Zara Feeney,Intersession/Spring 2023,Intersession/Spring 2023
ART,A111,Marianne O'Barr,Fall 2023,Fall 2023
ART,A111,Monroe Isenberg,Intersession/Spring 2023,Fall 2026
ART,A111,Noah Thomas,Intersession/Spring 2023,Fall 2026
ART,A111,Sara Rokni,Fall 2024,Fall 2025
ART,A114,Dana Doyle,Fall 2023,Fall 2026
ART,A116,Timothy Peters,Intersession/Spring 2023,Fall 2026
ART,A118,Chris Kerins,Intersession/Spring 2023,Fall 2026
ART,A120,Chris Kerins,Summer 2023,Summer 2026
ART,A120,Dakota Noot,Intersession/Spring 2023,Winter/Spring 2025
ART,A120,Eduardo Aispuro,Intersession/Spring 2023,Fall 2026
ART,A120,James Galindo,Intersession/Spring 2023,Fall 2026
ART,A120,Jennifer Phelps,Fall 2023,Fall 2026
ART,A120,Katherine Sheehan Sheehan,Intersession/Spring 2024,Fall 2026
ART,A120,Kerri Sabine-Wolf,Winter/Spring 2025,Fall 2026
ART,A120,Kim Garrison,Intersession/Spring 2023,Fall 2026
ART,A120,Marianne O'Barr,Intersession/Spring 2023,Fall 2026
ART,A120,Matt Duckett,Intersession/Spring 2023,Fall 2026
ART,A120,Roger Whitridge,Intersession/Spring 2023,Intersession/Spring 2024
ART,A120,Sara Rokni,Intersession/Spring 2023,Winter/Spring 2026
ART,A121,Holly Topping,Intersession/Spring 2023,Fall 2026
ART,A121,Kerri Sabine-Wolf,Intersession/Spring 2023,Winter/Spring 2026
ART,A122,Jennifer Phelps,Intersession/Spring 2023,Winter/Spring 2026
ART,A124,Cheryl Cotman,Intersession/Spring 2023,Winter/Spring 2026
ART,A124,Chris Kerins,Summer 2025,Summer 2026
ART,A125,Leland Paxton,Intersession/Spring 2023,Fall 2026
ART,A127,Scott Bern,Fall 2023,Fall 2026
ART,A128,Scott Bern,Intersession/Spring 2024,Fall 2025
ART,A129,Larissa Marantz,Summer 2023,Winter/Spring 2026
ART,A130,Holly Topping,Intersession/Spring 2023,Fall 2026
ART,A130,Kerri Sabine-Wolf,Summer 2024,Summer 2024
ART,A130,Kevin Scianni,Winter/Spring 2026,Winter/Spring 2026
ART,A130,Natasha Shoro,Fall 2024,Fall 2026
ART,A130,Roger Whitridge,Intersession/Spring 2023,Intersession/Spring 2024
ART,A131,Holly Topping,Intersession/Spring 2023,Fall 2026
ART,A131,Kerri Sabine-Wolf,Summer 2024,Summer 2024
ART,A131,Kevin Scianni,Winter/Spring 2026,Winter/Spring 2026
ART,A131,Natasha Shoro,Fall 2024,Fall 2026
ART,A131,Roger Whitridge,Intersession/Spring 2023,Intersession/Spring 2024
ART,A132,Holly Topping,Intersession/Spring 2023,Fall 2026
ART,A132,Kerri Sabine-Wolf,Summer 2024,Summer 2024
ART,A132,Kevin Scianni,Winter/Spring 2026,Winter/Spring 2026
ART,A132,Natasha Shoro,Fall 2024,Fall 2026
ART,A132,Roger Whitridge,Intersession/Spring 2023,Intersession/Spring 2024
ART,A135,Chris Kerins,Intersession/Spring 2023,Fall 2026
ART,A141,Monroe Isenberg,Intersession/Spring 2023,Fall 2026
ART,A143,Chris Kerins,Intersession/Spring 2023,Winter/Spring 2026
ART,A144,Chris Kerins,Intersession/Spring 2023,Winter/Spring 2026
ART,A147,John Radosevich,Intersession/Spring 2023,Fall 2026
ART,A147,Sara Rokni,Fall 2023,Fall 2023
ART,A148,Kevin Myers,Intersession/Spring 2023,Winter/Spring 2025
ART,A148,Robert Moore,Fall 2026,Fall 2026
ART,A150,Alisa Ochoa,Fall 2025,Winter/Spring 2026
ART,A150,Beatriz Jaramillo,Fall 2025,Fall 2026
ART,A150,Carrie Ohm,Fall 2026,Fall 2026
ART,A150,Doris Rivera,Intersession/Spring 2023,Intersession/Spring 2023
ART,A150,Eamonn Swiftfox,Intersession/Spring 2024,Intersession/Spring 2024
ART,A150,Jeff Netzer,Intersession/Spring 2023,Fall 2026
ART,A150,Jose Flores Nava,Intersession/Spring 2024,Intersession/Spring 2024
ART,A150,Katherine Posada,Fall 2026,Fall 2026
ART,A150,Kevin Myers,Intersession/Spring 2023,Summer 2025
ART,A150,Kyle Caris Alias Reynders,Intersession/Spring 2023,Intersession/Spring 2024
ART,A150,Lupe Aguirre,Winter/Spring 2025,Winter/Spring 2026
ART,A150,Nadine Schelbert,Fall 2026,Fall 2026
ART,A150,Robert Moore,Intersession/Spring 2023,Winter/Spring 2026
ART,A151,Jeff Netzer,Fall 2026,Fall 2026
ART,A151,Kevin Myers,Intersession/Spring 2023,Winter/Spring 2025
ART,A151,Kyle Caris Alias Reynders,Winter/Spring 2026,Winter/Spring 2026
ART,A151,Robert Moore,Intersession/Spring 2024,Fall 2026
ART,A152,Kevin Myers,Intersession/Spring 2023,Winter/Spring 2025
ART,A152,Kyle Caris Alias Reynders,Winter/Spring 2026,Winter/Spring 2026
ART,A152,Robert Moore,Intersession/Spring 2024,Fall 2026
ART,A153,Kevin Myers,Intersession/Spring 2023,Winter/Spring 2025
ART,A153,Robert Moore,Intersession/Spring 2024,Fall 2026
ART,A170,Katherine Sheehan Sheehan,Intersession/Spring 2023,Fall 2026
ART,A171,Katherine Sheehan Sheehan,Intersession/Spring 2023,Fall 2026
ART,A175,Katherine Sheehan Sheehan,Intersession/Spring 2023,Winter/Spring 2026
ART,A176,Katherine Sheehan Sheehan,Intersession/Spring 2023,Winter/Spring 2026
ART,A180,Kim Garrison,Intersession/Spring 2023,Winter/Spring 2026
ART,A220,Holly Topping,Intersession/Spring 2023,Winter/Spring 2025
ART,A236,Holly Topping,Fall 2023,Fall 2026
ART,A237,Holly Topping,Fall 2023,Fall 2026
ART,A241,Monroe Isenberg,Fall 2023,Winter/Spring 2026
ART,A247,John Radosevich,Intersession/Spring 2023,Fall 2026
ART,A247,Sara Rokni,Fall 2023,Fall 2023
ART,A249,Matthew Newman,Fall 2026,Fall 2026
ART,A249,Stephen Anderson,Fall 2023,Fall 2024
ART,A250,Matthew Newman,Fall 2026,Fall 2026
ART,A251,Larissa Marantz,Fall 2023,Fall 2026
ART,A252,Mark Brashear,Intersession/Spring 2023,Intersession/Spring 2023
ART,A252,Stephen Anderson,Intersession/Spring 2024,Winter/Spring 2026
ART,A253,Chris Kerins,Fall 2023,Fall 2026
ART,A255,Chris Kerins,Intersession/Spring 2023,Winter/Spring 2026
ART,A256,Larissa Marantz,Fall 2025,Fall 2026
ART,A258,Chris Kerins,Fall 2025,Fall 2026
ART,A263,Chris Kerins,Fall 2024,Fall 2026
ART,A263,Matt Duckett,Fall 2023,Fall 2023
ART,A269,Larissa Marantz,Intersession/Spring 2023,Summer 2026
ART,A270,Larissa Marantz,Intersession/Spring 2023,Summer 2026
ARTH,A100,Angela Plunkett,Fall 2026,Fall 2026
ARTH,A100,MIchael Hanson,Fall 2026,Fall 2026
ARTH,A100H,Angela Plunkett,Fall 2026,Fall 2026
ARTH,A101,Gretchen Potts,Fall 2026,Fall 2026
ARTH,A101,Stanley Murashige,Fall 2026,Fall 2026
ASTR,A100,Aamil Shaik,Winter/Spring 2025,Winter/Spring 2026
ASTR,A100,Gabriela Serna,Intersession/Spring 2023,Fall 2026
ASTR,A100,Jerome Fang,Intersession/Spring 2023,Fall 2026
ASTR,A100,Jessica Asbell,Intersession/Spring 2023,Fall 2026
ASTR,A100,Kaoru Lee,Intersession/Spring 2023,Fall 2026
ASTR,A100H,Jessica Asbell,Intersession/Spring 2023,Fall 2026
ASTR,A100L,Derek Bryant,Fall 2026,Fall 2026
ASTR,A100L,Gabriela Serna,Intersession/Spring 2023,Winter/Spring 2026
ASTR,A100L,Jerome Fang,Intersession/Spring 2023,Intersession/Spring 2023
ASTR,A100L,Jessica Asbell,Intersession/Spring 2023,Fall 2026
ASTR,A100L,Kaoru Lee,Intersession/Spring 2023,Fall 2026
ASTR,A100M,Jessica Asbell,Intersession/Spring 2023,Fall 2026
ASTR,A100M,Kaoru Lee,Intersession/Spring 2024,Intersession/Spring 2024
ASTR,A101,Jessica Asbell,Fall 2023,Fall 2026
ASTR,A102,Jessica Asbell,Intersession/Spring 2023,Winter/Spring 2026
ASTR,A103,Jerome Fang,Fall 2023,Fall 2026
ASTR,A104,Jerome Fang,Intersession/Spring 2023,Winter/Spring 2026
ASTR,A110,Jerome Fang,Fall 2023,Fall 2025
ASTR,A200,Jerome Fang,Intersession/Spring 2024,Winter/Spring 2025
ASTR,A200H,Jerome Fang,Intersession/Spring 2024,Winter/Spring 2025
ATHL,A109,Anthony Iacopetti,Intersession/Spring 2023,Winter/Spring 2025
ATHL,A109,Brittanee Roberts,Intersession/Spring 2023,Summer 2026
ATHL,A109,Cameron Brown,Intersession/Spring 2024,Summer 2026
ATHL,A109,Cameron Guild,Winter/Spring 2026,Winter/Spring 2026
ATHL,A109,Chris Ketcham,Intersession/Spring 2023,Winter/Spring 2026
ATHL,A109,Chuck Cutenese,Intersession/Spring 2023,Summer 2025
ATHL,A109,Daniel Matulis,Summer 2023,Summer 2026
ATHL,A109,Elise Laws,Summer 2024,Summer 2024
ATHL,A109,Geza Futo Tendai,Winter/Spring 2026,Winter/Spring 2026
ATHL,A109,Henry Nguyen,Summer 2026,Summer 2026
ATHL,A109,Jennifer Williams,Intersession/Spring 2023,Summer 2026
ATHL,A109,Jodie Legaspi,Intersession/Spring 2023,Summer 2026
ATHL,A109,Joel Gonzalez,Summer 2023,Summer 2025
ATHL,A109,John Braunstein,Winter/Spring 2026,Winter/Spring 2026
ATHL,A109,Kevin Smith,Summer 2023,Summer 2026
ATHL,A109,Laura Behr,Intersession/Spring 2024,Summer 2026
ATHL,A109,Marco Ochoa,Summer 2023,Summer 2025
ATHL,A109,Nathan Johnson,Intersession/Spring 2023,Winter/Spring 2026
ATHL,A109,Ricardo Etheridge,Summer 2026,Summer 2026
ATHL,A109,Sammy Doucette,Summer 2023,Summer 2025
ATHL,A109,Sean Collins,Intersession/Spring 2023,Summer 2026
ATHL,A109,Steven Spencer,Summer 2023,Summer 2026
ATHL,A109,Susie Packard,Summer 2026,Summer 2026
ATHL,A109,Travis Turner,Intersession/Spring 2023,Winter/Spring 2026
ATHL,A109,Twin Fernandes,Intersession/Spring 2023,Intersession/Spring 2024
ATHL,A119,Anthony Iacopetti,Fall 2023,Fall 2026
ATHL,A119,Chris Ketcham,Fall 2023,Fall 2026
ATHL,A119,Chuck Cutenese,Intersession/Spring 2023,Fall 2025
ATHL,A119,Daniel Matulis,Intersession/Spring 2023,Winter/Spring 2026
ATHL,A119,Geza Futo Tendai,Intersession/Spring 2023,Winter/Spring 2026
ATHL,A119,Jennifer Williams,Fall 2023,Fall 2026
ATHL,A119,Jodie Legaspi,Fall 2023,Fall 2026
ATHL,A119,Joel Gonzalez,Intersession/Spring 2023,Winter/Spring 2026
ATHL,A119,Kevin Smith,Intersession/Spring 2023,Winter/Spring 2026
ATHL,A119,Lauren Quinonez,Fall 2026,Fall 2026
ATHL,A119,Marco Ochoa,Intersession/Spring 2023,Winter/Spring 2025
ATHL,A119,Nathan Johnson,Fall 2023,Fall 2026
ATHL,A119,Sammy Doucette,Intersession/Spring 2023,Winter/Spring 2025
ATHL,A119,Sarah Nunes,Winter/Spring 2026,Winter/Spring 2026
ATHL,A119,Sean Collins,Intersession/Spring 2023,Fall 2026
ATHL,A119,Stella Berkebile,Winter/Spring 2026,Winter/Spring 2026
ATHL,A119,Steven Spencer,Intersession/Spring 2023,Winter/Spring 2026
ATHL,A119,Travis Turner,Fall 2023,Fall 2026
ATHL,A129,Anthony Iacopetti,Fall 2023,Fall 2026
ATHL,A129,Chris Ketcham,Fall 2023,Fall 2026
ATHL,A129,Chuck Cutenese,Intersession/Spring 2023,Fall 2025
ATHL,A129,Daniel Matulis,Intersession/Spring 2023,Winter/Spring 2026
ATHL,A129,Eduardo Turcios,Winter/Spring 2026,Winter/Spring 2026
ATHL,A129,Evan Cain,Fall 2025,Fall 2026
ATHL,A129,Geza Futo Tendai,Fall 2025,Fall 2025
ATHL,A129,Glenn Strachan,Intersession/Spring 2023,Winter/Spring 2025
ATHL,A129,Jennifer Williams,Fall 2023,Fall 2026
ATHL,A129,Jodie Legaspi,Fall 2023,Fall 2026
ATHL,A129,Joel Gonzalez,Intersession/Spring 2023,Winter/Spring 2026
ATHL,A129,Kevin Smith,Intersession/Spring 2023,Winter/Spring 2026
ATHL,A129,Marco Ochoa,Intersession/Spring 2023,Winter/Spring 2025
ATHL,A129,Marko Asic,Fall 2025,Fall 2026
ATHL,A129,Sammy Doucette,Intersession/Spring 2023,Winter/Spring 2025
ATHL,A129,Sarah Nunes,Winter/Spring 2026,Winter/Spring 2026
ATHL,A129,Stella Berkebile,Winter/Spring 2026,Fall 2026
ATHL,A129,Steven Spencer,Intersession/Spring 2023,Winter/Spring 2026
ATHL,A129,Travis Turner,Fall 2023,Fall 2026
ATHL,A222,Brittanee Roberts,Intersession/Spring 2023,Fall 2026
ATHL,A235,Henry Nguyen,Fall 2026,Fall 2026
ATHL,A235,Sammy Doucette,Fall 2023,Fall 2025
ATHL,A236,Marco Ochoa,Fall 2023,Fall 2025
ATHL,A236,Ricardo Etheridge,Fall 2026,Fall 2026
ATHL,A238,Cameron Guild,Fall 2024,Winter/Spring 2026
ATHL,A238,Laura Behr,Intersession/Spring 2023,Fall 2026
ATHL,A239,Sean Collins,Fall 2023,Fall 2026
ATHL,A240,Kevin Smith,Fall 2023,Fall 2026
ATHL,A241,Jodie Legaspi,Intersession/Spring 2023,Winter/Spring 2026
ATHL,A242,Anthony Iacopetti,Intersession/Spring 2023,Winter/Spring 2026
ATHL,A243,Chris Ketcham,Intersession/Spring 2023,Winter/Spring 2026
ATHL,A244,Jennifer Williams,Intersession/Spring 2023,Winter/Spring 2026
ATHL,A245,Chuck Cutenese,Fall 2023,Fall 2025
ATHL,A245,Susie Packard,Fall 2026,Fall 2026
ATHL,A246,Daniel Matulis,Fall 2023,Fall 2026
ATHL,A247,Chuck Cutenese,Intersession/Spring 2023,Winter/Spring 2025
ATHL,A247,John Braunstein,Winter/Spring 2026,Winter/Spring 2026
ATHL,A250,Nathan Johnson,Intersession/Spring 2023,Winter/Spring 2026
ATHL,A251,Steven Spencer,Fall 2023,Fall 2026
ATHL,A252,Cameron Brown,Intersession/Spring 2023,Fall 2026
ATHL,A252,Steven Morris,Fall 2025,Fall 2025
ATHL,A253,Marco Ochoa,Fall 2023,Fall 2025
ATHL,A253,Ricardo Etheridge,Fall 2026,Fall 2026
ATHL,A254,Joel Gonzalez,Fall 2023,Fall 2025
ATHL,A255,Sean Collins,Intersession/Spring 2023,Winter/Spring 2026
ATHL,A257,Kevin Smith,Fall 2023,Fall 2026
ATHL,A258,Anthony Iacopetti,Intersession/Spring 2023,Winter/Spring 2026
ATHL,A259,Chris Ketcham,Intersession/Spring 2023,Winter/Spring 2026
ATHL,A260,Jennifer Williams,Intersession/Spring 2023,Winter/Spring 2026
ATHL,A261,Travis Turner,Intersession/Spring 2023,Winter/Spring 2026
ATHL,A263,Daniel Matulis,Fall 2023,Fall 2026
BIOL,A010N,Kelli Elliott,Fall 2026,Fall 2026
BIOL,A100,Chih Lew,Intersession/Spring 2023,Fall 2026
BIOL,A100,Jan Goerrissen,Intersession/Spring 2023,Fall 2026
BIOL,A100,Julie Wells,Summer 2024,Summer 2024
BIOL,A100,Pamela Moniz,Summer 2026,Summer 2026
BIOL,A100H,Jan Goerrissen,Intersession/Spring 2023,Winter/Spring 2026
BIOL,A114,Derek Boyer,Fall 2023,Fall 2026
BIOL,A120,Allissa Blystone,Winter/Spring 2025,Winter/Spring 2026
BIOL,A120,Jill Parsell,Fall 2024,Fall 2026
BIOL,A125,Allissa Blystone,Intersession/Spring 2023,Fall 2026
BIOL,A125,Jill Parsell,Winter/Spring 2025,Winter/Spring 2026
BIOL,A125,Laura Millard,Fall 2026,Fall 2026
BIOL,A125,Stephanie Djang,Fall 2023,Fall 2023
BIOL,A172,Kelli Elliott,Intersession/Spring 2023,Winter/Spring 2026
BIOL,A180,Chih Lew,Intersession/Spring 2023,Winter/Spring 2026
BIOL,A180,Michael Bialecki,Intersession/Spring 2023,Fall 2026
BIOL,A182,Jill Parsell,Fall 2023,Fall 2023
BIOL,A182,Ron Michelotti,Intersession/Spring 2023,Fall 2026
BIOL,A182L,Jill Parsell,Fall 2023,Fall 2025
BIOL,A182L,Ron Michelotti,Intersession/Spring 2023,Fall 2026
BIOL,A183,Bob Allen,Intersession/Spring 2023,Fall 2026
BIOL,A183L,Bob Allen,Intersession/Spring 2023,Fall 2026
BIOL,A185,Kelli Elliott,Intersession/Spring 2023,Fall 2026
BIOL,A185,Lane Whitlow,Fall 2026,Fall 2026
BIOL,A185,Pamela Moniz,Fall 2023,Winter/Spring 2026
BIOL,A200,Allissa Blystone,Intersession/Spring 2023,Fall 2023
BIOL,A200,Jill Parsell,Intersession/Spring 2024,Fall 2024
BIOL,A201,Brenda Carrion,Fall 2024,Fall 2026
BIOL,A210,Derek Boyer,Intersession/Spring 2023,Fall 2026
BIOL,A210,Ignacio Rivera Cuesta,Fall 2026,Fall 2026
BIOL,A210,Julie Wells,Intersession/Spring 2023,Fall 2026
BIOL,A220,Allissa Blystone,Intersession/Spring 2023,Winter/Spring 2026
BIOL,A220,Brenda Carrion,Intersession/Spring 2023,Fall 2026
BIOL,A220,Jill Parsell,Fall 2023,Fall 2026
BIOL,A221,Asif Razee,Winter/Spring 2025,Winter/Spring 2025
BIOL,A221,Caitlin Tiffany,Fall 2026,Fall 2026
BIOL,A221,Cherryl Baker,Intersession/Spring 2023,Intersession/Spring 2024
BIOL,A221,Jill Parsell,Fall 2023,Fall 2026
BIOL,A221,Karissa Lovero,Summer 2024,Summer 2024
BIOL,A221,Laura Millard,Summer 2025,Summer 2026
BIOL,A221,Manuela Gardner,Fall 2023,Winter/Spring 2026
BIOL,A221,Nakisa Nowroozi,Winter/Spring 2026,Fall 2026
BIOL,A221,Pamela Moniz,Fall 2024,Fall 2024
BIOL,A221,Sally Ahad,Intersession/Spring 2023,Intersession/Spring 2023
BIOL,A225,Karissa Lovero,Intersession/Spring 2023,Fall 2026
BIOL,A280,Kelli Elliott,Intersession/Spring 2023,Winter/Spring 2026
BIOL,A281,Laura Millard,Winter/Spring 2025,Winter/Spring 2025
BIOL,A281,Michael Bialecki,Intersession/Spring 2023,Winter/Spring 2026
BIOL,A282,Laura Millard,Winter/Spring 2025,Winter/Spring 2025
BIOL,A282,Michael Bialecki,Intersession/Spring 2023,Winter/Spring 2026
BIOL,A283,Laura Millard,Intersession/Spring 2023,Fall 2026
BRCT,A105,Michael Carlucci,Fall 2023,Fall 2023
BRCT,A205,Kevin OHara,Intersession/Spring 2023,Intersession/Spring 2024
BUS,A100,Blair Havens,Fall 2026,Fall 2026
BUS,A100,Cyndee Ely,Fall 2023,Fall 2023
BUS,A100,Danielle Scane,Intersession/Spring 2023,Fall 2026
BUS,A100,Fred Judd,Intersession/Spring 2023,Winter/Spring 2026
BUS,A100,Justin Rife,Fall 2026,Fall 2026
BUS,A100,Karen Klammer,Fall 2023,Fall 2026
BUS,A100,Lee Gordon,Intersession/Spring 2023,Fall 2026
BUS,A100,Leslie Beau,Intersession/Spring 2023,Winter/Spring 2026
BUS,A100,Mark Grooms,Intersession/Spring 2023,Fall 2026
BUS,A100,Rebecca Waldron,Fall 2026,Fall 2026
BUS,A100H,Fred Judd,Intersession/Spring 2023,Intersession/Spring 2024
BUS,A100H,Lee Gordon,Intersession/Spring 2023,Fall 2026
BUS,A101,Danielle Scane,Intersession/Spring 2023,Fall 2026
BUS,A110,Douglas Dickson,Fall 2025,Fall 2026
BUS,A110,Fred Judd,Intersession/Spring 2023,Fall 2026
BUS,A110,Gary Hickman,Intersession/Spring 2023,Winter/Spring 2025
BUS,A110,Kyle Slocum,Fall 2025,Fall 2026
BUS,A110,Nate Cazier,Intersession/Spring 2023,Winter/Spring 2026
BUS,A110H,Fred Judd,Intersession/Spring 2023,Fall 2026
BUS,A118,Lee Gordon,Intersession/Spring 2023,Intersession/Spring 2024
BUS,A118H,Lee Gordon,Intersession/Spring 2023,Intersession/Spring 2024
BUS,A120,David Plisco,Intersession/Spring 2023,Fall 2026
BUS,A134,Brian Clough,Summer 2023,Summer 2023
BUS,A134,Jackie Strobel,Fall 2023,Fall 2023
BUS,A134,Maryann Watson,Intersession/Spring 2023,Fall 2026
BUS,A138,Cyndee Ely,Intersession/Spring 2023,Winter/Spring 2025
BUS,A138,Kristine Brooks,Fall 2026,Fall 2026
BUS,A138,Leslie Beau,Fall 2025,Winter/Spring 2026
BUS,A139,Danielle Scane,Intersession/Spring 2023,Fall 2026
BUS,A185,Crystal Martinez,Fall 2026,Fall 2026
BUS,A185,Jennifer Peters,Intersession/Spring 2023,Fall 2026
BUS,A200,Fred Judd,Fall 2023,Fall 2026
BUS,A210,David Plisco,Intersession/Spring 2023,Winter/Spring 2026
BUS,A212,David Plisco,Fall 2024,Fall 2026
BUS,A234,Brian Clough,Fall 2023,Fall 2023
BUS,A234,Maryann Watson,Intersession/Spring 2023,Fall 2026
BUS,A239,Keith Krallman,Intersession/Spring 2023,Fall 2026
BUS,A240,Danielle Scane,Intersession/Spring 2023,Fall 2026
BUS,A240,Mark Grooms,Intersession/Spring 2023,Fall 2023
CA,A100,Eric Cohen,Intersession/Spring 2023,Intersession/Spring 2023
CA,A120,Ali Flecky,Fall 2023,Fall 2026
CA,A120,Lauren Lopez,Winter/Spring 2025,Winter/Spring 2025
CA,A120,William Barber,Intersession/Spring 2023,Intersession/Spring 2023
CA,A122,April Thompson,Fall 2023,Fall 2026
CA,A122,William Barber,Intersession/Spring 2023,Intersession/Spring 2023
CA,A124,Ali Flecky,Fall 2025,Fall 2026
CA,A124,Elizabeth Mendoza,Fall 2024,Winter/Spring 2025
CA,A124,Melissa Simpson,Intersession/Spring 2023,Intersession/Spring 2024
CA,A126,Elizabeth Mendoza,Fall 2025,Fall 2026
CA,A126,Katherine Russ,Fall 2024,Winter/Spring 2025
CA,A126,Melissa Simpson,Intersession/Spring 2023,Intersession/Spring 2024
CA,A131,Lindsay Taeger,Winter/Spring 2025,Fall 2026
CA,A131,Melissa Simpson,Intersession/Spring 2023,Intersession/Spring 2024
CA,A131,Stephanie Melchor,Winter/Spring 2025,Winter/Spring 2026
CA,A149,Davina Dunner,Intersession/Spring 2023,Fall 2026
CA,A170,April Thompson,Fall 2023,Summer 2026
CA,A170,Davina Dunner,Fall 2024,Winter/Spring 2026
CA,A199,Verna Leahy,Intersession/Spring 2023,Intersession/Spring 2023
CA,A200,Davina Dunner,Intersession/Spring 2023,Fall 2026
CA,A205,Verna Leahy,Fall 2024,Fall 2026
CA,A210,Ali Flecky,Fall 2023,Fall 2024
CA,A210,William Barber,Intersession/Spring 2023,Intersession/Spring 2023
CA,A215,Ali Flecky,Winter/Spring 2025,Summer 2026
CA,A215,Davina Dunner,Intersession/Spring 2023,Winter/Spring 2026
CA,A226,Lindsay Taeger,Fall 2024,Fall 2025
CA,A226,Melissa Simpson,Fall 2023,Fall 2023
CA,A226,Stephanie Melchor,Fall 2024,Fall 2026
CA,A236,April Thompson,Winter/Spring 2025,Winter/Spring 2025
CA,A236,Chantale Grandmont,Fall 2024,Fall 2024
CA,A236,Lindsay Taeger,Fall 2025,Fall 2026
CA,A236,Melissa Simpson,Intersession/Spring 2023,Intersession/Spring 2024
CA,A237,Lindsay Taeger,Fall 2024,Fall 2026
CA,A237,Melissa Simpson,Intersession/Spring 2023,Intersession/Spring 2024
CA,A245,Ali Flecky,Fall 2023,Fall 2026
CA,A255,Davina Dunner,Intersession/Spring 2023,Fall 2026
CA,A265,Ali Flecky,Intersession/Spring 2023,Fall 2026
CA,A265,William Barber,Intersession/Spring 2023,Intersession/Spring 2023
CA,A270,Thomas Selzer,Intersession/Spring 2023,Intersession/Spring 2023
CDE,A102,Julie Hernandez,Intersession/Spring 2023,Winter/Spring 2026
CDE,A112,Jillian Yudin,Winter/Spring 2025,Winter/Spring 2026
CDE,A112,Jimmy Nguyen,Fall 2024,Fall 2024
CDE,A112,Tricia Buckles,Intersession/Spring 2023,Intersession/Spring 2024
CDE,A126,Karen Robinson,Intersession/Spring 2023,Fall 2026
CDE,A127,Brooke Newman,Fall 2025,Fall 2026
CDE,A127,Devan Upchurch,Intersession/Spring 2023,Summer 2026
CDE,A127,Lisa Sciabica,Winter/Spring 2025,Winter/Spring 2025
CDE,A130,Jeanette Ellis,Intersession/Spring 2023,Winter/Spring 2025
CDE,A130,Lisa Sciabica,Fall 2025,Fall 2026
CDE,A131,Devan Upchurch,Fall 2025,Fall 2026
CDE,A131,Jeanette Ellis,Intersession/Spring 2023,Winter/Spring 2025
CDE,A131,Jenny Chaiyakal,Intersession/Spring 2023,Winter/Spring 2026
CDE,A132,Jeanette Ellis,Intersession/Spring 2023,Winter/Spring 2025
CDE,A132,Laurie Campbell,Winter/Spring 2026,Fall 2026
CDE,A155,Brooke Newman,Intersession/Spring 2024,Fall 2024
CDE,A155,Devan Upchurch,Fall 2024,Fall 2026
CDE,A155,Jenny Chaiyakal,Fall 2023,Fall 2026
CDE,A155,Kara Jones,Intersession/Spring 2023,Fall 2026
CDE,A155,Kisha Williamson-Champion,Intersession/Spring 2023,Intersession/Spring 2023
CDE,A155,Laurie Campbell,Winter/Spring 2026,Winter/Spring 2026
CDE,A156,Jeanette Ellis,Intersession/Spring 2023,Winter/Spring 2025
CDE,A156,Jenny Chaiyakal,Intersession/Spring 2023,Fall 2026
CDE,A156,Kara Jones,Intersession/Spring 2023,Fall 2026
CDE,A156,Kourtney Jones,Winter/Spring 2026,Winter/Spring 2026
CDE,A157,Jenny Chaiyakal,Winter/Spring 2026,Fall 2026
CDE,A157,Laurie Campbell,Intersession/Spring 2023,Fall 2025
CDE,A165,Jeanette Ellis,Intersession/Spring 2023,Winter/Spring 2025
CDE,A165,Jenny Chaiyakal,Winter/Spring 2026,Winter/Spring 2026
CDE,A165,Kara Jones,Intersession/Spring 2023,Fall 2026
CDE,A174,Marion Springett,Intersession/Spring 2024,Winter/Spring 2026
CDE,A175,Courtney Smith,Intersession/Spring 2023,Fall 2026
CDE,A175,Julie Hernandez,Fall 2023,Fall 2024
CDE,A180,Devan Upchurch,Intersession/Spring 2024,Intersession/Spring 2024
CDE,A180,Jenny Chaiyakal,Intersession/Spring 2023,Fall 2026
CDE,A180,Laura Vidal,Intersession/Spring 2023,Fall 2025
CDE,A180,Laurie Campbell,Intersession/Spring 2023,Fall 2026
CDE,A180,Lisa Sciabica,Intersession/Spring 2023,Fall 2026
CDE,A180,Teresa Landeros,Fall 2026,Fall 2026
CDE,A182,Kelly Rafter,Intersession/Spring 2023,Winter/Spring 2026
CDE,A184,Melissa Noah,Intersession/Spring 2023,Fall 2026
CDE,A190,Devan Upchurch,Fall 2024,Fall 2024
CDE,A190,Jenny Chaiyakal,Winter/Spring 2026,Winter/Spring 2026
CDE,A190,Kara Jones,Intersession/Spring 2023,Fall 2026
CDE,A190,Kisha Williamson-Champion,Intersession/Spring 2023,Intersession/Spring 2023
CDE,A190,Laurie Campbell,Winter/Spring 2026,Winter/Spring 2026
CDE,A190,Melissa Noah,Intersession/Spring 2023,Fall 2026
CDE,A199,Devan Upchurch,Intersession/Spring 2024,Fall 2026
CDE,A199,Jeanette Ellis,Fall 2023,Fall 2023
CDE,A199,Kisha Williamson-Champion,Intersession/Spring 2023,Intersession/Spring 2023
CDE,A200,Devan Upchurch,Intersession/Spring 2023,Fall 2026
CDE,A201,Laurie Campbell,Intersession/Spring 2023,Fall 2026
CDE,A210,Jillian Yudin,Winter/Spring 2025,Fall 2026
CDE,A210,Marion Springett,Intersession/Spring 2023,Fall 2024
CDE,A211,Darcie Kass,Fall 2023,Fall 2026
CDE,A220,Kourtney Jones,Intersession/Spring 2023,Winter/Spring 2025
CDE,A220,Melissa Noah,Winter/Spring 2026,Winter/Spring 2026
CDE,A261,Darcie Kass,Intersession/Spring 2023,Winter/Spring 2026
CDE,A262,Karen Robinson,Fall 2023,Fall 2026
CDE,A264,Kathy McCarrell,Intersession/Spring 2023,Fall 2025
CDE,A275,Lisa Sciabica,Fall 2023,Fall 2026
CDE,A276,Lisa Sciabica,Intersession/Spring 2023,Winter/Spring 2026
CDE,A277,Kourtney Jones,Summer 2024,Fall 2026
CDE,A277,MELISSA Wheelahan,Intersession/Spring 2023,Intersession/Spring 2023
CDE,A277,Rochelle Santacruz,Fall 2023,Fall 2023
CFT,A100,Timothy Peters,Intersession/Spring 2023,Intersession/Spring 2023
CFT,A114,Timothy Peters,Intersession/Spring 2023,Fall 2026
CHEM,A010N,Amy Hellman,Intersession/Spring 2023,Fall 2026
CHEM,A010N,Brian Nguyen,Intersession/Spring 2024,Intersession/Spring 2024
CHEM,A020,John Congleton,Intersession/Spring 2023,Winter/Spring 2026
CHEM,A025,John Congleton,Fall 2023,Fall 2026
CHEM,A030N,Matthew Appel,Intersession/Spring 2023,Fall 2025
CHEM,A080N,Helen Maughan,Intersession/Spring 2023,Intersession/Spring 2024
CHEM,A080N,Jamie Solorsa,Intersession/Spring 2023,Intersession/Spring 2023
CHEM,A080N,Shirley Gonzales,Fall 2023,Fall 2023
CHEM,A085N,Shirley Gonzales,Intersession/Spring 2023,Summer 2024
CHEM,A100,Jack Rogers,Intersession/Spring 2024,Winter/Spring 2025
CHEM,A100,James Ross,Intersession/Spring 2023,Intersession/Spring 2023
CHEM,A100,Jeremy Khalaf,Fall 2023,Fall 2023
CHEM,A100,Miguel Palma Olvera,Winter/Spring 2026,Fall 2026
CHEM,A100,Nicolas Lutfi,Fall 2025,Fall 2025
CHEM,A110,Amy Hellman,Intersession/Spring 2023,Fall 2026
CHEM,A110,Brian Nguyen,Intersession/Spring 2024,Intersession/Spring 2024
CHEM,A110,Jack Rogers,Summer 2025,Summer 2025
CHEM,A110,Jamie Solorsa,Summer 2026,Summer 2026
CHEM,A110,Jessica Kemp,Fall 2025,Fall 2025
CHEM,A110,Miguel Palma Olvera,Fall 2026,Fall 2026
CHEM,A130,Behnaz Razavi,Intersession/Spring 2023,Winter/Spring 2026
CHEM,A130,Bob Shelton,Winter/Spring 2026,Summer 2026
CHEM,A130,Jessica Kemp,Winter/Spring 2026,Fall 2026
CHEM,A130,John Eberts,Fall 2024,Fall 2026
CHEM,A130,Kim Tu,Summer 2023,Fall 2026
CHEM,A130,Matthew Appel,Intersession/Spring 2023,Fall 2025
CHEM,A130,Mickey Laux,Summer 2023,Summer 2026
CHEM,A130,Shizah Ahmad,Fall 2026,Fall 2026
CHEM,A130,Stephan Brown,Intersession/Spring 2023,Intersession/Spring 2024
CHEM,A180,Helen Maughan,Intersession/Spring 2023,Winter/Spring 2026
CHEM,A180,James Ross,Summer 2023,Fall 2026
CHEM,A180,Jamie Solorsa,Intersession/Spring 2023,Winter/Spring 2026
CHEM,A180,Kyle Tanovitz,Fall 2026,Fall 2026
CHEM,A180,Matthew Appel,Winter/Spring 2026,Winter/Spring 2026
CHEM,A180,Mickey Laux,Fall 2023,Fall 2026
CHEM,A180,Shirley Gonzales,Fall 2023,Fall 2026
CHEM,A180,Theresa McIntire,Intersession/Spring 2023,Intersession/Spring 2024
CHEM,A185,Helen Maughan,Fall 2024,Fall 2026
CHEM,A185,Matthew Appel,Fall 2026,Fall 2026
CHEM,A185,Mickey Laux,Intersession/Spring 2023,Summer 2026
CHEM,A185,Shirley Gonzales,Intersession/Spring 2023,Winter/Spring 2026
CHEM,A185,Theresa McIntire,Fall 2023,Fall 2023
CHEM,A220,John Congleton,Intersession/Spring 2023,Winter/Spring 2026
CHEM,A220,Thomas Mucciaro,Fall 2023,Fall 2026
CHEM,A220,Yilin Wang,Fall 2023,Fall 2026
CHEM,A220L,Bob Shelton,Winter/Spring 2026,Winter/Spring 2026
CHEM,A220L,Dr. Jean Dupon,Intersession/Spring 2023,Intersession/Spring 2023
CHEM,A220L,John Congleton,Intersession/Spring 2023,Winter/Spring 2026
CHEM,A220L,Juan Fernandez,Fall 2024,Winter/Spring 2025
CHEM,A220L,Thomas Mucciaro,Fall 2023,Fall 2026
CHEM,A220L,Yilin Wang,Fall 2023,Fall 2026
CHEM,A225,John Congleton,Fall 2023,Fall 2026
CHEM,A225,Thomas Mucciaro,Intersession/Spring 2023,Winter/Spring 2026
CHEM,A225,Yilin Wang,Intersession/Spring 2023,Winter/Spring 2026
CHEM,A225L,John Congleton,Fall 2023,Fall 2026
CHEM,A225L,Juan Fernandez,Intersession/Spring 2024,Fall 2026
CHEM,A225L,Thomas Mucciaro,Intersession/Spring 2023,Winter/Spring 2026
CHEM,A225L,Yilin Wang,Intersession/Spring 2023,Winter/Spring 2026
CHIN,A180,Chimin Lin,Intersession/Spring 2023,Fall 2026
CHIN,A180,Jingfang Satow,Intersession/Spring 2023,Fall 2026
CHIN,A185,Chimin Lin,Intersession/Spring 2023,Winter/Spring 2026
CHT,A001N,Rena Quinonez,Intersession/Spring 2023,Fall 2026
CHT,A001N,Tracy Foreman,Fall 2023,Fall 2024
CHT,A002N,Rena Quinonez,Intersession/Spring 2023,Fall 2026
CHT,A002N,Tracy Foreman,Intersession/Spring 2023,Intersession/Spring 2023
CHT,A015N,Brian Clough,Summer 2025,Winter/Spring 2026
CHT,A015N,Jodie Legaspi,Fall 2024,Fall 2024
CHT,A020N,Brian Clough,Fall 2025,Summer 2026
CHT,A020N,Jackie Strobel,Winter/Spring 2025,Winter/Spring 2026
CHT,A030N,Eric Wilson,Fall 2024,Fall 2025
CHT,A030N,Rena Quinonez,Summer 2026,Fall 2026
CHT,A030N,Sara Martinez,Fall 2026,Fall 2026
CHT,A040N,Brian Clough,Winter/Spring 2026,Winter/Spring 2026
CHT,A040N,Eric Wilson,Winter/Spring 2025,Winter/Spring 2025
CHT,A040N,Sara Martinez,Summer 2026,Fall 2026
CHT,A090N,Eric Wilson,Fall 2026,Fall 2026
CHT,A095N,Eric Wilson,Fall 2026,Fall 2026
CHT,A095N,Raul Sanchez,Fall 2026,Fall 2026
CHT,A100,Brian Clough,Fall 2026,Fall 2026
CHT,A100,Wes Warner,Intersession/Spring 2023,Fall 2026
CHT,A110,Jared Baker,Intersession/Spring 2023,Fall 2024
CHT,A191,Patrick Nerad,Intersession/Spring 2023,Winter/Spring 2025
CIS,A090,Jackie Strobel,Intersession/Spring 2023,Intersession/Spring 2023
CIS,A090,Maryann Watson,Intersession/Spring 2024,Fall 2026
CIS,A092,Jackie Strobel,Intersession/Spring 2023,Intersession/Spring 2023
CIS,A092,Maryann Watson,Intersession/Spring 2024,Fall 2026
CIS,A100,Jackie Strobel,Fall 2023,Fall 2023
CIS,A100,Maryann Watson,Intersession/Spring 2023,Fall 2026
CIS,A100H,Maryann Watson,Fall 2024,Fall 2026
CIS,A111,Brian Clough,Intersession/Spring 2023,Fall 2026
CIS,A111,Maryann Watson,Intersession/Spring 2023,Fall 2026
CIS,A111,Parnian Barvarz,Intersession/Spring 2023,Fall 2026
CIS,A111H,Parnian Barvarz,Fall 2024,Fall 2026
CIS,A123,Parnian Barvarz,Intersession/Spring 2023,Fall 2024
CIS,A129,Parnian Barvarz,Intersession/Spring 2023,Intersession/Spring 2024
CIS,A134,Brian Clough,Summer 2023,Summer 2023
CIS,A134,Jackie Strobel,Fall 2023,Fall 2023
CIS,A134,Maryann Watson,Intersession/Spring 2023,Fall 2026
CIS,A134H,Maryann Watson,Fall 2024,Fall 2026
CIS,A137,Jackie Strobel,Intersession/Spring 2023,Fall 2024
CIS,A149,Jackie Strobel,Intersession/Spring 2023,Intersession/Spring 2024
CIS,A149,Maryann Watson,Fall 2024,Fall 2024
CIS,A171,Alexandra Do,Intersession/Spring 2023,Fall 2024
CIS,A223,Alexandra Do,Intersession/Spring 2023,Intersession/Spring 2024
CIS,A234,Brian Clough,Fall 2023,Fall 2023
CIS,A234,Maryann Watson,Intersession/Spring 2023,Fall 2026
CIS,A234H,Maryann Watson,Fall 2024,Fall 2026
CMST,A100,Aaron Fullman,Intersession/Spring 2023,Fall 2024
CMST,A100,Alissa Duong,Intersession/Spring 2023,Intersession/Spring 2023
CMST,A100,Andrew Carrera,Fall 2025,Winter/Spring 2026
CMST,A100,Blake Longfellow,Intersession/Spring 2024,Intersession/Spring 2024
CMST,A100,Caitlin Drees,Winter/Spring 2025,Fall 2025
CMST,A100,Cara Bowers,Intersession/Spring 2023,Fall 2024
CMST,A100,Christiaan Pipion,Intersession/Spring 2023,Summer 2023
CMST,A100,Craig Breit,Intersession/Spring 2023,Winter/Spring 2026
CMST,A100,Devyn Hartnett,Intersession/Spring 2023,Fall 2023
CMST,A100,Emma La Mer,Intersession/Spring 2023,Intersession/Spring 2023
CMST,A100,Felicia Coco,Intersession/Spring 2023,Summer 2026
CMST,A100,Halleh Nia,Intersession/Spring 2023,Winter/Spring 2025
CMST,A100,Hannah Haghighat,Intersession/Spring 2023,Winter/Spring 2026
CMST,A100,Jaime Gomez,Intersession/Spring 2023,Fall 2024
CMST,A100,Jarvis Johnson,Intersession/Spring 2023,Winter/Spring 2026
CMST,A100,John Bell III,Intersession/Spring 2023,Summer 2026
CMST,A100,Jordan Kay,Fall 2023,Fall 2023
CMST,A100,Khanh Ngo,Fall 2024,Winter/Spring 2025
CMST,A100,Mandy Ream,Fall 2024,Winter/Spring 2026
CMST,A100,Michael Mandelkern,Fall 2023,Fall 2023
CMST,A100,Michelle Dinger,Intersession/Spring 2023,Winter/Spring 2026
CMST,A100,Mikayla Holzinger,Fall 2023,Intersession/Spring 2024
CMST,A100,Mimi Ivey,Intersession/Spring 2023,Winter/Spring 2026
CMST,A100,Rebel Saint Lilith,Intersession/Spring 2024,Summer 2025
CMST,A100,Sean Connor,Intersession/Spring 2023,Winter/Spring 2026
CMST,A100,Timothy Mount,Winter/Spring 2025,Winter/Spring 2025
CMST,A105,Shauhin Davari,Intersession/Spring 2024,Fall 2026
CMST,A109,Crystal Martinez,Fall 2026,Fall 2026
CMST,A109,Jennifer Peters,Intersession/Spring 2023,Fall 2026
CMST,A110,Blake Longfellow,Fall 2024,Winter/Spring 2025
CMST,A110,Christiaan Pipion,Intersession/Spring 2023,Intersession/Spring 2023
CMST,A110,Christopher DeSurra,Intersession/Spring 2023,Winter/Spring 2025
CMST,A110,Courtney Anderson,Intersession/Spring 2023,Summer 2025
CMST,A110,Hannah Haghighat,Intersession/Spring 2023,Winter/Spring 2025
CMST,A110,Heather Tosta,Winter/Spring 2025,Summer 2025
CMST,A110,Jaime Gomez,Fall 2024,Winter/Spring 2025
CMST,A110,Khanh Ngo,Intersession/Spring 2024,Summer 2024
CMST,A110,Nichole Barta,Intersession/Spring 2024,Fall 2024
CMST,A110,Rebel Saint Lilith,Fall 2024,Fall 2024
CMST,A110,Shauhin Davari,Intersession/Spring 2023,Fall 2024
CMST,A110,Sherana Polk,Intersession/Spring 2023,Summer 2025
CMST,A120,Christopher DeSurra,Intersession/Spring 2023,Fall 2026
CMST,A120,Shauhin Davari,Fall 2024,Fall 2024
CMST,A150,Christopher DeSurra,Winter/Spring 2026,Fall 2026
CMST,A150,Shauhin Davari,Intersession/Spring 2023,Fall 2025
CMST,A155,Alissa Duong,Summer 2023,Summer 2023
CMST,A155,Devyn Hartnett,Intersession/Spring 2023,Fall 2026
CMST,A155,Emma La Mer,Intersession/Spring 2023,Intersession/Spring 2023
CMST,A155,Halleh Nia,Intersession/Spring 2023,Fall 2026
CMST,A155,Hannah Haghighat,Intersession/Spring 2023,Fall 2026
CMST,A155,John Bell III,Intersession/Spring 2023,Fall 2026
CMST,A155,Khanh Ngo,Intersession/Spring 2024,Winter/Spring 2025
CMST,A155,Michael Mandelkern,Fall 2023,Fall 2023
CMST,A165,Mandy Ream,Intersession/Spring 2023,Fall 2026
CMST,A170,Felicia Coco,Intersession/Spring 2023,Fall 2025
CMST,A180,Ben Lohman,Intersession/Spring 2023,Fall 2026
CMST,A180,Jeremy Shermak,Intersession/Spring 2023,Intersession/Spring 2023
CMST,A180,Nguyet Thomas,Fall 2023,Fall 2026
CMST,A180,Rebel Saint Lilith,Summer 2023,Summer 2025
CMST,A180,Ricardo Valencia Pineda,Fall 2024,Fall 2025
CMST,A185,Crystal Martinez,Fall 2026,Fall 2026
CMST,A185,Jennifer Peters,Intersession/Spring 2023,Fall 2026
CMST,A220,Alissa Duong,Intersession/Spring 2023,Intersession/Spring 2023
CMST,A220,Christiaan Pipion,Intersession/Spring 2023,Intersession/Spring 2023
CMST,A220,Hannah Haghighat,Summer 2024,Winter/Spring 2025
CMST,A220,Jordan Kay,Fall 2023,Fall 2023
CMST,A220,Mikayla Holzinger,Intersession/Spring 2024,Intersession/Spring 2024
CMST,A220,Sean Connor,Intersession/Spring 2023,Fall 2026
CMST,A220,Shauhin Davari,Intersession/Spring 2023,Intersession/Spring 2024
CMST,A220,Sherana Polk,Intersession/Spring 2023,Fall 2026
CMST,A220,Timothy Mount,Fall 2024,Fall 2024
CMST,A236,Jennifer Peters,Intersession/Spring 2023,Fall 2026
CMST,A240,Ben Lohman,Intersession/Spring 2023,Fall 2026
CMST,A240,Ricardo Valencia Pineda,Fall 2023,Winter/Spring 2025
CMST,A291,Christopher DeSurra,Fall 2025,Fall 2025
CNST,A001N,Oscar Ortiz,Summer 2025,Fall 2026
CNST,A010N,Oscar Ortiz,Winter/Spring 2026,Winter/Spring 2026
CNST,A012N,Maximino Pena,Summer 2025,Winter/Spring 2026
CNST,A040N,Oscar Ortiz,Fall 2025,Fall 2026
CNST,A041N,Maximino Pena,Fall 2025,Fall 2025
CNST,A054N,Oscar Ortiz,Summer 2025,Summer 2026
CNST,A060N,Oscar Ortiz,Fall 2025,Fall 2026
CNST,A100,Oscar Ortiz,Intersession/Spring 2023,Fall 2026
CNST,A108,Steve Lee,Intersession/Spring 2023,Winter/Spring 2025
CNST,A112,Maximino Pena,Summer 2023,Winter/Spring 2026
CNST,A114,Timothy Peters,Intersession/Spring 2023,Fall 2026
CNST,A116,Timothy Peters,Intersession/Spring 2023,Fall 2026
CNST,A154,Oscar Ortiz,Intersession/Spring 2023,Summer 2026
CNST,A155,Steve Lee,Intersession/Spring 2024,Winter/Spring 2026
CNST,A156,Steve Lee,Summer 2023,Summer 2026
CNST,A157,Steve Lee,Fall 2023,Fall 2025
CNST,A165,James Kelly,Intersession/Spring 2023,Fall 2026
CNST,A170,Matt Macarewich,Fall 2023,Fall 2024
CNST,A180,Maximino Pena,Fall 2023,Fall 2026
CNST,A185,Maximino Pena,Intersession/Spring 2023,Fall 2026
CNST,A189,Darrell Urbien,Intersession/Spring 2023,Winter/Spring 2026
CNST,A190,Maximino Pena,Intersession/Spring 2023,Fall 2026
CNST,A190,Oscar Ortiz,Intersession/Spring 2023,Fall 2026
CNST,A194,Oscar Ortiz,Winter/Spring 2026,Summer 2026
CNST,A195,David Appel,Intersession/Spring 2023,Fall 2026
CNST,A197,David Appel,Intersession/Spring 2024,Winter/Spring 2025
CNST,A199,Oscar Ortiz,Summer 2023,Summer 2025
CNST,A210,Oscar Ortiz,Intersession/Spring 2023,Winter/Spring 2026
CNST,A220,Matt Macarewich,Fall 2023,Fall 2026
CNST,A230,David Appel,Intersession/Spring 2023,Intersession/Spring 2024
CNST,A240,Oscar Ortiz,Intersession/Spring 2023,Fall 2026
CNST,A241,Maximino Pena,Intersession/Spring 2023,Fall 2025
CNST,A250,Matt Macarewich,Intersession/Spring 2023,Winter/Spring 2026
CNST,A252,Matt Macarewich,Intersession/Spring 2023,Intersession/Spring 2024
CNST,A260,Oscar Ortiz,Fall 2023,Fall 2026
CNST,A265,Brian Shields,Fall 2023,Fall 2026
CNST,A266,Brian Shields,Intersession/Spring 2023,Winter/Spring 2026
CNST,A270,Matt Macarewich,Fall 2023,Fall 2026
CNST,A275,William Pugliese,Intersession/Spring 2023,Fall 2026
CNST,A285,Matt Macarewich,Intersession/Spring 2023,Winter/Spring 2026
COMM,A100,Craig Breit,Fall 2026,Fall 2026
COMM,A100,Felicia Coco,Fall 2026,Fall 2026
COMM,A100,John Bell III,Fall 2026,Fall 2026
COMM,A100,Mandy Ream,Fall 2026,Fall 2026
COMM,A100,Mimi Ivey,Fall 2026,Fall 2026
COMM,A110,Andrew Carrera,Fall 2025,Fall 2025
COMM,A110,Blake Longfellow,Fall 2025,Winter/Spring 2026
COMM,A110,Caitlin Drees,Fall 2025,Fall 2026
COMM,A110,Christopher DeSurra,Fall 2025,Fall 2026
COMM,A110,Courtney Anderson,Fall 2025,Fall 2026
COMM,A110,Craig Breit,Fall 2025,Fall 2026
COMM,A110,Felicia Coco,Fall 2026,Fall 2026
COMM,A110,Griffin Runnels,Fall 2025,Fall 2026
COMM,A110,Halleh Nia,Fall 2025,Fall 2026
COMM,A110,Hannah Haghighat,Fall 2025,Fall 2026
COMM,A110,Heather Tosta,Fall 2025,Fall 2026
COMM,A110,Jaime Gomez,Fall 2025,Fall 2026
COMM,A110,Jenifer Montgomery,Fall 2025,Fall 2025
COMM,A110,Kelly Hutchison,Fall 2025,Winter/Spring 2026
COMM,A110,Khanh Ngo,Fall 2025,Fall 2026
COMM,A110,Krista Apardian,Winter/Spring 2026,Fall 2026
COMM,A110,Kyle Rivkin,Winter/Spring 2026,Fall 2026
COMM,A110,Mandy Ream,Fall 2026,Fall 2026
COMM,A110,Mikayla Holzinger,Fall 2026,Fall 2026
COMM,A110,Natalie Ramp,Fall 2026,Fall 2026
COMM,A110,Nicolina Deschamps,Fall 2025,Fall 2026
COMM,A110,Sean Connor,Fall 2025,Fall 2026
COMM,A110,Shauhin Davari,Fall 2025,Fall 2026
COMM,A110,Sherana Polk,Fall 2025,Fall 2026
COMM,A110,Timothy Mount,Fall 2025,Fall 2026
COS,A001N,Rich Estes,Intersession/Spring 2024,Fall 2026
COS,A001N,Sibley Sabori,Fall 2023,Fall 2026
COS,A002N,Sibley Sabori,Fall 2023,Fall 2026
COS,A180,Sibley Sabori,Intersession/Spring 2023,Fall 2026
COUN,A035N,Stacy Kirch,Winter/Spring 2025,Winter/Spring 2025
COUN,A100,Amanda Campbell,Fall 2023,Fall 2024
COUN,A100,Arlene Vargas,Fall 2026,Fall 2026
COUN,A100,Caitlyn Anselmo,Intersession/Spring 2023,Fall 2023
COUN,A100,Cyndy Garcia,Fall 2023,Fall 2025
COUN,A100,Dario Resendiz,Fall 2025,Fall 2026
COUN,A100,Mayra Frias,Fall 2024,Fall 2026
COUN,A100,Tiffany Huynh,Fall 2024,Fall 2024
COUN,A101,Cynthia Voss,Fall 2023,Fall 2024
COUN,A104,Christina Nguyen,Intersession/Spring 2023,Winter/Spring 2026
COUN,A104,Cynthia Voss,Summer 2026,Summer 2026
COUN,A104,Eileen Tom,Intersession/Spring 2023,Fall 2026
COUN,A104,Ivy Truong,Fall 2024,Fall 2024
COUN,A104,Jeff Trujillo,Fall 2026,Fall 2026
COUN,A104,Kaveh Bahraini,Intersession/Spring 2023,Fall 2026
COUN,A104,Macey Lachman,Summer 2025,Summer 2025
COUN,A104,Ruby Flores,Fall 2023,Fall 2025
COUN,A104,Samantha Villa,Intersession/Spring 2023,Intersession/Spring 2023
COUN,A104,Tiffany Huynh,Fall 2025,Fall 2026
COUN,A105,Arleen Palafox,Fall 2024,Fall 2024
COUN,A105,Arlene Vargas,Fall 2023,Fall 2023
COUN,A105,Caitlyn Anselmo,Intersession/Spring 2023,Intersession/Spring 2024
COUN,A105,Caryn Plum,Fall 2023,Fall 2025
COUN,A105,Christina Nguyen,Intersession/Spring 2023,Fall 2026
COUN,A105,Cristina Marin,Fall 2025,Fall 2026
COUN,A105,Cyndy Garcia,Intersession/Spring 2024,Intersession/Spring 2024
COUN,A105,Cynthia Voss,Intersession/Spring 2024,Fall 2025
COUN,A105,Erica Burgos,Fall 2024,Fall 2024
COUN,A105,Jared Vidal,Intersession/Spring 2023,Fall 2026
COUN,A105,Laura Reese,Fall 2025,Winter/Spring 2026
COUN,A105,Linda Bagatourian,Fall 2023,Fall 2023
COUN,A105,Macey Lachman,Intersession/Spring 2023,Fall 2023
COUN,A105,Mai-Thi Pham,Intersession/Spring 2023,Fall 2024
COUN,A105,Mayra Frias,Fall 2023,Fall 2023
COUN,A105,Ruby Flores,Winter/Spring 2025,Fall 2026
COUN,A105,Stacy Kirch,Fall 2023,Fall 2026
COUN,A105,Tanith Quintanilla,Fall 2023,Fall 2024
COUN,A105,Tiffany Huynh,Fall 2026,Fall 2026
COUN,A105,Veronica Sanchez,Fall 2025,Fall 2025
COUN,A105,Vick Garcia,Fall 2025,Fall 2026
COUN,A105,William Maxton,Fall 2026,Fall 2026
COUN,A107,Eric Cuellar,Intersession/Spring 2023,Fall 2026
COUN,A107H,Eric Cuellar,Intersession/Spring 2023,Fall 2026
COUN,A109,Robert Schneiderman,Fall 2024,Fall 2024
COUN,A110,Renee De Long,Intersession/Spring 2023,Intersession/Spring 2023
COUN,A120,Arleen Palafox,Fall 2026,Fall 2026
COUN,A120,Lyndsey McKinley,Fall 2024,Fall 2025
COUN,A120,Ruby Flores,Intersession/Spring 2023,Fall 2026
COUN,A120,Samantha Villa,Intersession/Spring 2024,Fall 2025
COUN,A125,Katie Ottoson,Intersession/Spring 2023,Fall 2026
COUN,A135,Stacy Kirch,Intersession/Spring 2023,Winter/Spring 2025
COUN,A170,Cyndy Garcia,Fall 2025,Fall 2025
COUN,A170,Ruby Flores,Fall 2025,Fall 2025
COUN,A170,Yvette Nguyen,Intersession/Spring 2023,Fall 2026
COUN,A199,Mayra Frias,Intersession/Spring 2023,Intersession/Spring 2024
COUN,A205,Jared Vidal,Winter/Spring 2026,Winter/Spring 2026
COUN,A205,Linda Bagatourian,Intersession/Spring 2023,Winter/Spring 2025
CS,A131,David Giordano,Fall 2023,Fall 2023
CS,A131,Hatice Aydin,Fall 2023,Fall 2026
CS,A131,Justin Jang,Winter/Spring 2026,Summer 2026
CS,A131,Marie Tsaasan,Intersession/Spring 2023,Intersession/Spring 2023
CS,A131,Mayada Alani,Intersession/Spring 2023,Fall 2026
CS,A131,Sazeda Sultana,Intersession/Spring 2023,Intersession/Spring 2023
CS,A131,Yusuf Adanur,Fall 2023,Fall 2024
CS,A150,Gabriela Ernsberger,Summer 2026,Summer 2026
CS,A150,Hatice Aydin,Fall 2024,Fall 2026
CS,A150,Justin Jang,Fall 2023,Winter/Spring 2025
CS,A150,Mayada Alani,Intersession/Spring 2023,Fall 2026
CS,A150,Stephen Gilbert,Intersession/Spring 2023,Winter/Spring 2026
CS,A170,David Giordano,Intersession/Spring 2023,Fall 2025
CS,A170,Gabriela Ernsberger,Fall 2023,Fall 2023
CS,A170,Hatice Aydin,Intersession/Spring 2023,Winter/Spring 2026
CS,A170,Justin Jang,Intersession/Spring 2023,Fall 2026
CS,A170,Marie Tsaasan,Fall 2023,Winter/Spring 2025
CS,A170,Mayada Alani,Fall 2023,Winter/Spring 2025
CS,A170,Yusuf Adanur,Intersession/Spring 2023,Intersession/Spring 2023
CS,A200,Gabriela Ernsberger,Intersession/Spring 2023,Fall 2026
CS,A216,Doug Cole,Intersession/Spring 2023,Fall 2026
CS,A220,Justin Jang,Intersession/Spring 2023,Fall 2026
CS,A231,David Giordano,Intersession/Spring 2023,Winter/Spring 2026
CS,A250,Gabriela Ernsberger,Intersession/Spring 2023,Fall 2026
CS,A250,Hatice Aydin,Intersession/Spring 2023,Fall 2026
CS,A253,Yusuf Adanur,Fall 2026,Fall 2026
CS,A253L,Yusuf Adanur,Fall 2026,Fall 2026
CS,A255,Hatice Aydin,Summer 2026,Summer 2026
CS,A257,Doug Cole,Intersession/Spring 2023,Winter/Spring 2026
CS,A257,Gabriela Ernsberger,Intersession/Spring 2024,Intersession/Spring 2024
CS,A262,Doug Cole,Intersession/Spring 2023,Fall 2026
CS,A263,David Giordano,Intersession/Spring 2024,Winter/Spring 2025
CS,A272,David Giordano,Fall 2023,Fall 2024
CS,A272,Justin Jang,Winter/Spring 2026,Winter/Spring 2026
CVT,A100,Kristy Norfolk,Fall 2023,Fall 2026
CVT,A130,Robin Lee,Intersession/Spring 2023,Intersession/Spring 2024
CVT,A130,Sergio Morales,Winter/Spring 2025,Winter/Spring 2026
CVT,A150,Kristy Norfolk,Fall 2023,Fall 2024
CVT,A150,Ljiljana Novkovic,Fall 2025,Fall 2026
CVT,A160,Kristy Norfolk,Fall 2023,Fall 2026
CVT,A170,Kristy Norfolk,Intersession/Spring 2023,Winter/Spring 2026
CVT,A190,Kristy Norfolk,Intersession/Spring 2023,Winter/Spring 2026
CVT,A200,Kristy Norfolk,Fall 2023,Fall 2026
CVT,A205,Faith Brinnon,Fall 2024,Fall 2025
CVT,A205,Kristy Norfolk,Fall 2023,Fall 2023
CVT,A205,Liem Tran,Fall 2023,Fall 2026
CVT,A205,Novel Castillo,Fall 2024,Fall 2026
CVT,A205,Robin Lee,Fall 2023,Fall 2023
CVT,A210,Kristy Norfolk,Fall 2023,Fall 2026
CVT,A220,Kristy Norfolk,Fall 2023,Fall 2026
CVT,A220,Tim Gibbs,Fall 2024,Fall 2024
CVT,A224,Kristy Norfolk,Intersession/Spring 2024,Winter/Spring 2026
CVT,A250,Kristy Norfolk,Intersession/Spring 2023,Winter/Spring 2026
CVT,A255,Liem Tran,Intersession/Spring 2023,Winter/Spring 2026
CVT,A255,Novel Castillo,Winter/Spring 2025,Winter/Spring 2026
CVT,A255,Robin Lee,Intersession/Spring 2023,Intersession/Spring 2024
CVT,A260,Kristy Norfolk,Intersession/Spring 2023,Winter/Spring 2026
CVT,A265,Kristy Norfolk,Intersession/Spring 2023,Winter/Spring 2026
DA,A100,Jennifer Rafferty,Fall 2023,Fall 2026
DA,A101,Jennifer Rafferty,Fall 2023,Fall 2026
DA,A110,Heather Moreno,Fall 2023,Fall 2026
DA,A115,Diane Balding,Intersession/Spring 2023,Winter/Spring 2026
DA,A120,Diane Balding,Fall 2023,Fall 2026
DA,A125,Heather Moreno,Intersession/Spring 2023,Winter/Spring 2026
DA,A130,Diane Balding,Fall 2023,Fall 2026
DA,A140,Heather Moreno,Fall 2023,Fall 2026
DA,A145,Heather Moreno,Intersession/Spring 2023,Winter/Spring 2026
DA,A150,Jennifer Rafferty,Intersession/Spring 2023,Winter/Spring 2026
DA,A160,Heather Moreno,Fall 2023,Fall 2026
DA,A163,Diane Balding,Intersession/Spring 2023,Intersession/Spring 2023
DA,A163,Heather Moreno,Intersession/Spring 2024,Winter/Spring 2026
DA,A165,Heather Moreno,Intersession/Spring 2023,Winter/Spring 2026
DA,A168,Diane Balding,Winter/Spring 2026,Winter/Spring 2026
DA,A168,Jennifer Rafferty,Intersession/Spring 2023,Winter/Spring 2025
DA,A175,Diane Balding,Intersession/Spring 2023,Winter/Spring 2026
DANC,A101,Amythyst Fritzler,Intersession/Spring 2023,Fall 2026
DANC,A101,Sarah Stanley,Winter/Spring 2026,Fall 2026
DANC,A101,Shana Menaker,Intersession/Spring 2023,Fall 2024
DANC,A102,Amythyst Fritzler,Intersession/Spring 2023,Fall 2026
DANC,A102,Rachel Berman,Intersession/Spring 2023,Fall 2025
DANC,A102,Sarah Stanley,Winter/Spring 2026,Winter/Spring 2026
DANC,A106,Amythyst Fritzler,Intersession/Spring 2023,Intersession/Spring 2024
DANC,A106,Emily Chapman,Winter/Spring 2026,Fall 2026
DANC,A106,Shana Menaker,Winter/Spring 2026,Winter/Spring 2026
DANC,A107,Amythyst Fritzler,Fall 2023,Fall 2024
DANC,A107,Emily Chapman,Fall 2025,Fall 2025
DANC,A108,Amythyst Fritzler,Intersession/Spring 2023,Summer 2026
DANC,A108,Delyer Coffman,Winter/Spring 2025,Winter/Spring 2025
DANC,A108,Noelle Snavely,Fall 2024,Fall 2026
DANC,A108,Shana Menaker,Fall 2025,Fall 2026
DANC,A110,Brande Dunn,Intersession/Spring 2023,Fall 2026
DANC,A110,David McMahan,Intersession/Spring 2024,Intersession/Spring 2024
DANC,A110,Emily Chapman,Winter/Spring 2026,Fall 2026
DANC,A110,Jose Costas,Fall 2023,Fall 2025
DANC,A110,Shana Menaker,Intersession/Spring 2023,Intersession/Spring 2023
DANC,A111,Brande Dunn,Intersession/Spring 2023,Fall 2026
DANC,A111,Jose Costas,Intersession/Spring 2023,Fall 2025
DANC,A111,Rachel Berman,Fall 2026,Fall 2026
DANC,A113,Brande Dunn,Fall 2026,Fall 2026
DANC,A115,Delyer Coffman,Summer 2026,Summer 2026
DANC,A115,Rachel Berman,Winter/Spring 2025,Fall 2026
DANC,A115,Shana Menaker,Summer 2023,Fall 2025
DANC,A116,Jose Costas,Intersession/Spring 2023,Fall 2025
DANC,A118,Amelie Hunter,Intersession/Spring 2023,Winter/Spring 2025
DANC,A118,Shana Menaker,Winter/Spring 2026,Fall 2026
DANC,A119,David McMahan,Fall 2023,Fall 2023
DANC,A119,Emily Chapman,Fall 2024,Fall 2026
DANC,A120,Jose Costas,Fall 2023,Fall 2025
DANC,A120,Mary Wolff,Winter/Spring 2026,Winter/Spring 2026
DANC,A120,Noelle Snavely,Intersession/Spring 2024,Intersession/Spring 2024
DANC,A120,Sarah Stanley,Fall 2026,Fall 2026
DANC,A120,Tiffany Hudson,Intersession/Spring 2023,Intersession/Spring 2023
DANC,A121,Jose Costas,Intersession/Spring 2023,Winter/Spring 2025
DANC,A121,Zach Groenewold,Winter/Spring 2026,Winter/Spring 2026
DANC,A125,Holly Scheall-Mehling,Fall 2023,Intersession/Spring 2024
DANC,A126,Holly Scheall-Mehling,Fall 2023,Intersession/Spring 2024
DANC,A129,Amelie Hunter,Fall 2023,Fall 2024
DANC,A129,Delyer Coffman,Fall 2025,Fall 2026
DANC,A130,Angelika Nemeth,Intersession/Spring 2023,Winter/Spring 2026
DANC,A135,Rosa Garcia,Intersession/Spring 2023,Intersession/Spring 2023
DANC,A138,Monti Ellison,Intersession/Spring 2023,Fall 2026
DANC,A139,Donna Place,Summer 2024,Summer 2026
DANC,A143,Jose Costas,Intersession/Spring 2023,Winter/Spring 2025
DANC,A143,Zach Groenewold,Winter/Spring 2026,Winter/Spring 2026
DANC,A144,Jose Costas,Intersession/Spring 2023,Fall 2025
DANC,A144,Rachel Berman,Fall 2026,Fall 2026
DANC,A145,Rachel Berman,Intersession/Spring 2023,Fall 2025
DANC,A145,Sarah Stanley,Winter/Spring 2026,Winter/Spring 2026
DANC,A146,Linda Sohl-Ellison,Intersession/Spring 2023,Fall 2026
DANC,A147,Rosa Garcia,Intersession/Spring 2023,Intersession/Spring 2023
DANC,A148,Angelika Nemeth,Intersession/Spring 2023,Winter/Spring 2026
DANC,A149,Zach Groenewold,Intersession/Spring 2023,Fall 2026
DANC,A150,Rachel Berman,Winter/Spring 2025,Winter/Spring 2025
DANC,A150,Shana Menaker,Intersession/Spring 2023,Winter/Spring 2026
DANC,A151,David McMahan,Intersession/Spring 2023,Fall 2026
DANC,A152,Amelie Hunter,Fall 2024,Fall 2024
DANC,A152,Amythyst Fritzler,Winter/Spring 2025,Fall 2026
DANC,A152,David McMahan,Intersession/Spring 2023,Fall 2023
DANC,A152,Noelle Snavely,Fall 2023,Fall 2026
DANC,A153,Amelie Hunter,Winter/Spring 2025,Winter/Spring 2025
DANC,A153,David McMahan,Intersession/Spring 2023,Intersession/Spring 2024
DANC,A153,Delyer Coffman,Fall 2025,Fall 2026
DANC,A153,Noelle Snavely,Fall 2024,Winter/Spring 2026
DANC,A154,Zach Groenewold,Intersession/Spring 2023,Fall 2026
DANC,A155,Jose Costas,Intersession/Spring 2023,Fall 2025
DANC,A156,Marru Mikaelian,Intersession/Spring 2023,Winter/Spring 2026
DANC,A157,Marru Mikaelian,Intersession/Spring 2023,Winter/Spring 2026
DANC,A158,Monti Ellison,Intersession/Spring 2023,Fall 2026
DANC,A159,Zach Groenewold,Intersession/Spring 2023,Fall 2026
DANC,A160,Marie Hoffman,Fall 2023,Fall 2023
DANC,A160,Rachel Berman,Fall 2023,Fall 2026
DANC,A162,Marie Hoffman,Intersession/Spring 2024,Intersession/Spring 2024
DANC,A162,Rachel Berman,Fall 2023,Fall 2026
DANC,A165,Jose Costas,Intersession/Spring 2023,Fall 2025
DANC,A168,Monti Ellison,Intersession/Spring 2023,Fall 2026
DANC,A169,Zach Groenewold,Intersession/Spring 2023,Fall 2026
DANC,A170,Rebecca Wong Burdett,Intersession/Spring 2023,Fall 2026
DANC,A171,Amythyst Fritzler,Intersession/Spring 2023,Fall 2025
DANC,A171,Sarah Stanley,Winter/Spring 2026,Fall 2026
DANC,A171,Shana Menaker,Intersession/Spring 2023,Fall 2024
DANC,A172,Brande Dunn,Fall 2023,Fall 2023
DANC,A172,David McMahan,Intersession/Spring 2024,Intersession/Spring 2024
DANC,A172,Emily Chapman,Winter/Spring 2026,Fall 2026
DANC,A172,Jose Costas,Fall 2023,Fall 2025
DANC,A172,Shana Menaker,Intersession/Spring 2023,Intersession/Spring 2023
DANC,A173,Jose Costas,Fall 2023,Fall 2025
DANC,A173,Mary Wolff,Winter/Spring 2026,Winter/Spring 2026
DANC,A173,Noelle Snavely,Intersession/Spring 2024,Intersession/Spring 2024
DANC,A173,Sarah Stanley,Fall 2026,Fall 2026
DANC,A174,Holly Scheall-Mehling,Fall 2023,Intersession/Spring 2024
DANC,A175,Rosa Garcia,Fall 2024,Fall 2026
DANC,A176,Rosa Garcia,Winter/Spring 2025,Fall 2026
DANC,A180,Rachel Berman,Intersession/Spring 2024,Winter/Spring 2026
DANC,A191,Brande Dunn,Fall 2024,Fall 2026
DANC,A191,Jose Costas,Intersession/Spring 2023,Fall 2025
DANC,A199,Jose Costas,Fall 2025,Fall 2025
DANC,A199,Rachel Berman,Winter/Spring 2025,Fall 2026
DANC,A200,Hiroko Hojo,Intersession/Spring 2023,Winter/Spring 2026
DANC,A200,Jose Costas,Intersession/Spring 2023,Summer 2025
DANC,A200,Rachel Berman,Intersession/Spring 2023,Fall 2026
DANC,A200,Shana Menaker,Fall 2023,Fall 2026
DANC,A201,Rachel Berman,Intersession/Spring 2023,Winter/Spring 2025
DANC,A202,Rachel Berman,Intersession/Spring 2023,Winter/Spring 2025
DANC,A203,Angelika Nemeth,Intersession/Spring 2023,Intersession/Spring 2024
DANC,A203,Jose Costas,Fall 2023,Fall 2025
DANC,A203,Rachel Berman,Fall 2026,Fall 2026
DANC,A203,Rochelle Mapes,Fall 2023,Fall 2025
DANC,A204,Rachel Berman,Intersession/Spring 2023,Winter/Spring 2025
DANC,A205,Rachel Berman,Fall 2024,Fall 2024
DANC,A206,Rachel Berman,Intersession/Spring 2024,Winter/Spring 2026
DANC,A207,Rachel Berman,Intersession/Spring 2023,Winter/Spring 2025
DANC,A208,David McMahan,Intersession/Spring 2023,Intersession/Spring 2023
DANC,A208,Delyer Coffman,Summer 2025,Summer 2026
DANC,A209,Amythyst Fritzler,Fall 2023,Fall 2025
DANC,A209,David McMahan,Intersession/Spring 2024,Fall 2026
DANC,A210,Rachel Berman,Fall 2023,Fall 2023
DANC,A211,Rachel Berman,Intersession/Spring 2023,Winter/Spring 2026
DANC,A212,Rachel Berman,Intersession/Spring 2023,Winter/Spring 2026
DANC,A213,Rachel Berman,Intersession/Spring 2023,Winter/Spring 2026
DANC,A214,Rachel Berman,Intersession/Spring 2023,Winter/Spring 2026
DANC,A215,Amelie Hunter,Intersession/Spring 2023,Winter/Spring 2026
DANC,A215,David McMahan,Fall 2026,Fall 2026
DANC,A215,Delyer Coffman,Fall 2026,Fall 2026
DANC,A217,Amelie Hunter,Intersession/Spring 2023,Winter/Spring 2026
DANC,A217,Rachel Berman,Fall 2024,Fall 2026
DANC,A218,Rachel Berman,Intersession/Spring 2023,Fall 2026
DANC,A219,Rachel Berman,Intersession/Spring 2023,Fall 2026
DANC,A220,Rachel Berman,Intersession/Spring 2023,Fall 2026
DANC,A221,Rachel Berman,Intersession/Spring 2023,Fall 2026
DANC,A223,Angelika Nemeth,Intersession/Spring 2023,Intersession/Spring 2024
DANC,A223,Jose Costas,Fall 2023,Fall 2025
DANC,A223,Rachel Berman,Fall 2026,Fall 2026
DANC,A223,Rochelle Mapes,Fall 2024,Fall 2024
DANC,A225,Delyer Coffman,Summer 2026,Summer 2026
DANC,A225,Rachel Berman,Winter/Spring 2025,Fall 2026
DANC,A225,Shana Menaker,Fall 2023,Fall 2025
DANC,A229,Amelie Hunter,Intersession/Spring 2024,Winter/Spring 2025
DANC,A229,Delyer Coffman,Winter/Spring 2026,Fall 2026
DANC,A230,Rachel Berman,Fall 2023,Fall 2026
DANC,A233,Angelika Nemeth,Intersession/Spring 2023,Intersession/Spring 2024
DANC,A233,Jose Costas,Fall 2023,Fall 2025
DANC,A233,Rachel Berman,Fall 2026,Fall 2026
DANC,A233,Rochelle Mapes,Fall 2025,Fall 2025
DANC,A243,Jose Costas,Intersession/Spring 2023,Winter/Spring 2025
DANC,A243,Zach Groenewold,Winter/Spring 2026,Winter/Spring 2026
DANC,A244,Jose Costas,Intersession/Spring 2023,Fall 2025
DANC,A244,Rachel Berman,Fall 2026,Fall 2026
DANC,A245,Rachel Berman,Intersession/Spring 2023,Fall 2025
DANC,A245,Sarah Stanley,Winter/Spring 2026,Winter/Spring 2026
DANC,A246,Linda Sohl-Ellison,Intersession/Spring 2023,Fall 2026
DANC,A247,Rosa Garcia,Intersession/Spring 2023,Intersession/Spring 2023
DANC,A248,Angelika Nemeth,Intersession/Spring 2023,Winter/Spring 2026
DANC,A250,Rachel Berman,Winter/Spring 2025,Winter/Spring 2025
DANC,A250,Shana Menaker,Intersession/Spring 2023,Winter/Spring 2026
DANC,A253,Jose Costas,Intersession/Spring 2023,Winter/Spring 2025
DANC,A254,Jose Costas,Intersession/Spring 2023,Winter/Spring 2025
DANC,A255,Rachel Berman,Intersession/Spring 2023,Fall 2024
DANC,A256,Linda Sohl-Ellison,Intersession/Spring 2023,Fall 2026
DANC,A257,Zach Groenewold,Intersession/Spring 2023,Fall 2026
DANC,A262,Rachel Berman,Fall 2023,Fall 2026
DANC,A263,Angelika Nemeth,Intersession/Spring 2023,Intersession/Spring 2024
DANC,A263,Jose Costas,Fall 2023,Fall 2025
DANC,A263,Rachel Berman,Fall 2026,Fall 2026
DANC,A264,Angelika Nemeth,Intersession/Spring 2023,Winter/Spring 2026
DANC,A267,Rosa Garcia,Intersession/Spring 2023,Intersession/Spring 2023
DANC,A269,Zach Groenewold,Intersession/Spring 2023,Fall 2026
DMAD,A115,Alex Fitch,Intersession/Spring 2024,Summer 2026
DMAD,A115,Cora Volkoff,Intersession/Spring 2023,Winter/Spring 2026
DMAD,A115,Mardi Speth,Intersession/Spring 2023,Winter/Spring 2025
DMAD,A115,Michelle Don Vito,Fall 2026,Fall 2026
DMAD,A116,Alex Fitch,Winter/Spring 2026,Winter/Spring 2026
DMAD,A116,Cora Volkoff,Fall 2024,Fall 2025
DMAD,A116,Jon Measures,Fall 2026,Fall 2026
DMAD,A116,Steven Cox,Intersession/Spring 2023,Intersession/Spring 2024
DMAD,A117,Edward Gomez,Intersession/Spring 2023,Fall 2026
DMAD,A117,Sam Yip,Intersession/Spring 2023,Fall 2026
DMAD,A151,Michelle Don Vito,Fall 2024,Fall 2026
DMAD,A151,Steven Cox,Intersession/Spring 2023,Intersession/Spring 2024
DMAD,A181,Alex Fitch,Intersession/Spring 2024,Fall 2025
DMAD,A181,Alice Burger,Intersession/Spring 2023,Fall 2023
DMAD,A181,Chris Nielsen,Intersession/Spring 2023,Fall 2026
DMAD,A181,Danielle Genzel,Intersession/Spring 2023,Intersession/Spring 2024
DMAD,A181,Margarita Rossoni,Fall 2024,Winter/Spring 2025
DMAD,A181,Nabawia Elsoudani,Intersession/Spring 2023,Fall 2026
DMAD,A181,Steven Cox,Intersession/Spring 2023,Fall 2026
DMAD,A182,Cora Volkoff,Summer 2023,Fall 2026
DMAD,A182,Michelle Don Vito,Intersession/Spring 2023,Intersession/Spring 2024
DMAD,A182,Steven Cox,Intersession/Spring 2023,Intersession/Spring 2023
DMAD,A183,Michelle Don Vito,Intersession/Spring 2023,Winter/Spring 2026
DMAD,A183,Steven Cox,Fall 2026,Fall 2026
DMAD,A190,Jon Measures,Intersession/Spring 2023,Fall 2026
DMAD,A190,Mardi Speth,Intersession/Spring 2023,Fall 2025
DMAD,A193,Edward Gomez,Intersession/Spring 2023,Winter/Spring 2025
DMAD,A193,Jon Measures,Intersession/Spring 2023,Winter/Spring 2026
DMAD,A193,Mardi Speth,Summer 2024,Fall 2026
DMAD,A200,Ashley Miller,Fall 2026,Fall 2026
DMAD,A200,Cora Volkoff,Intersession/Spring 2023,Winter/Spring 2026
DMAD,A202,Ashley Miller,Fall 2024,Winter/Spring 2026
DMAD,A202,Cora Volkoff,Intersession/Spring 2023,Intersession/Spring 2024
DMAD,A203,Ashley Miller,Fall 2024,Fall 2026
DMAD,A203,Cora Volkoff,Intersession/Spring 2023,Intersession/Spring 2024
DMAD,A212,Cora Volkoff,Intersession/Spring 2023,Fall 2024
DMAD,A263,Sam Yip,Intersession/Spring 2023,Fall 2026
DMAD,A280,Sam Yip,Intersession/Spring 2023,Fall 2026
DMAD,A281,Sam Yip,Intersession/Spring 2023,Fall 2026
DMAD,A288,Cora Volkoff,Intersession/Spring 2023,Fall 2026
DMS,A110,Azindokht Mofazzali,Intersession/Spring 2023,Intersession/Spring 2024
DMS,A110,Heather Gutierrez,Fall 2024,Fall 2026
DMS,A110,Tim Gibbs,Winter/Spring 2025,Winter/Spring 2025
DMS,A123,Cindi Reber-Bonhall,Fall 2023,Fall 2023
DMS,A123,Lisa Kiyohara,Fall 2024,Fall 2026
DMS,A126,Cindi Reber-Bonhall,Intersession/Spring 2023,Winter/Spring 2026
DMS,A150,Cindi Reber-Bonhall,Fall 2025,Fall 2026
DMS,A150,Tim Gibbs,Fall 2023,Fall 2024
DMS,A155,Azindokht Mofazzali,Intersession/Spring 2023,Intersession/Spring 2024
DMS,A155,Heather Gutierrez,Winter/Spring 2025,Winter/Spring 2026
DMS,A161,Cindi Reber-Bonhall,Intersession/Spring 2023,Intersession/Spring 2024
DMS,A161,Heather Gutierrez,Winter/Spring 2025,Winter/Spring 2025
DMS,A161,Lisa Kiyohara,Winter/Spring 2026,Winter/Spring 2026
DMS,A165,Lisa Kiyohara,Intersession/Spring 2023,Winter/Spring 2025
DMS,A165,Tomoko Lin,Winter/Spring 2026,Winter/Spring 2026
DMS,A166,Cindi Reber-Bonhall,Intersession/Spring 2023,Intersession/Spring 2024
DMS,A166,Heather Gutierrez,Winter/Spring 2026,Winter/Spring 2026
DMS,A166,Lisa Kiyohara,Winter/Spring 2025,Winter/Spring 2025
DMS,A167,Katrina Campbell,Summer 2026,Summer 2026
DMS,A167,Lisa Kiyohara,Summer 2023,Summer 2025
DMS,A255,Cindi Reber-Bonhall,Fall 2023,Fall 2023
DMS,A255,Lisa Kiyohara,Fall 2024,Fall 2026
DMS,A271,Cindi Reber-Bonhall,Fall 2023,Fall 2023
DMS,A271,Lisa Kiyohara,Fall 2024,Fall 2026
DMS,A274,Cindi Reber-Bonhall,Fall 2023,Fall 2025
DMS,A274,Heather Gutierrez,Fall 2024,Fall 2024
DMS,A274,Lisa Kiyohara,Fall 2026,Fall 2026
DMS,A275,Lisa Kiyohara,Winter/Spring 2026,Winter/Spring 2026
DMS,A275,Tim Gibbs,Intersession/Spring 2023,Winter/Spring 2025
DMS,A276,Cindi Reber-Bonhall,Intersession/Spring 2023,Intersession/Spring 2024
DMS,A276,Lisa Kiyohara,Winter/Spring 2025,Winter/Spring 2026
DMS,A281,Cindi Reber-Bonhall,Intersession/Spring 2023,Intersession/Spring 2024
DMS,A281,Katrina Campbell,Winter/Spring 2026,Winter/Spring 2026
DMS,A281,Lisa Kiyohara,Winter/Spring 2025,Winter/Spring 2025
DVP,A180,Steve Jones,Fall 2023,Fall 2023
ECON,A100,Daniel Kuo,Intersession/Spring 2023,Fall 2026
ECON,A100,Francis Mensah,Intersession/Spring 2023,Winter/Spring 2026
ECON,A100,Sasha Safarzadeh,Intersession/Spring 2023,Fall 2024
ECON,A100,Sierra Moussatche,Intersession/Spring 2023,Winter/Spring 2026
ECON,A110,Dave McClure,Fall 2023,Intersession/Spring 2024
ECON,A110,Philip Panaitescu-Neata,Intersession/Spring 2023,Intersession/Spring 2023
ECON,A170,Daniel Kuo,Intersession/Spring 2023,Fall 2026
ECON,A170,Dave McClure,Winter/Spring 2025,Fall 2026
ECON,A170,Deborah Frohman,Intersession/Spring 2023,Fall 2024
ECON,A170,Francis Mensah,Fall 2024,Fall 2026
ECON,A170,Ho Lee,Intersession/Spring 2023,Fall 2026
ECON,A170,Jennifer Savage,Intersession/Spring 2023,Fall 2026
ECON,A170,Philip Panaitescu-Neata,Fall 2023,Fall 2023
ECON,A170,Sasha Safarzadeh,Intersession/Spring 2023,Winter/Spring 2026
ECON,A170,Sierra Moussatche,Intersession/Spring 2023,Fall 2026
ECON,A170H,Francis Mensah,Fall 2024,Fall 2024
ECON,A170H,Philip Panaitescu-Neata,Fall 2023,Fall 2023
ECON,A170H,Sasha Safarzadeh,Fall 2025,Fall 2025
ECON,A170H,Sierra Moussatche,Fall 2026,Fall 2026
ECON,A175,Daniel Kuo,Intersession/Spring 2023,Fall 2026
ECON,A175,Dave McClure,Intersession/Spring 2023,Fall 2026
ECON,A175,Francis Mensah,Intersession/Spring 2023,Fall 2026
ECON,A175,Jennifer Savage,Intersession/Spring 2023,Fall 2026
ECON,A175,Philip Panaitescu-Neata,Intersession/Spring 2023,Fall 2023
ECON,A175,Sasha Safarzadeh,Intersession/Spring 2024,Winter/Spring 2026
ECON,A175,Sierra Moussatche,Fall 2025,Winter/Spring 2026
ECON,A175H,Sasha Safarzadeh,Intersession/Spring 2024,Winter/Spring 2025
ECON,A175H,Sierra Moussatche,Winter/Spring 2026,Winter/Spring 2026
ELEC,A100,Christopher Hirunthanakorn,Fall 2023,Fall 2023
ELEC,A100,David Shieh,Fall 2024,Fall 2024
ELEC,A100,Scott Northrup,Intersession/Spring 2023,Fall 2026
ELEC,A102,Christopher Hirunthanakorn,Intersession/Spring 2024,Winter/Spring 2025
ELEC,A111,Richard Mayfield,Intersession/Spring 2023,Intersession/Spring 2023
ELEC,A111,Stephen Schulz,Fall 2023,Fall 2026
ELEC,A112,Christopher Hirunthanakorn,Fall 2023,Winter/Spring 2025
ELEC,A112,Stephen Schulz,Intersession/Spring 2023,Winter/Spring 2026
ELEC,A121,Christopher Hirunthanakorn,Fall 2024,Fall 2026
ELEC,A121,Stephen Schulz,Fall 2023,Fall 2023
ELEC,A122,Richard Mayfield,Intersession/Spring 2023,Intersession/Spring 2023
ELEC,A122,Stephen Schulz,Intersession/Spring 2024,Winter/Spring 2026
ELEC,A131,Stephen Schulz,Fall 2024,Fall 2024
ELEC,A131,Wade Federer,Fall 2025,Fall 2026
ELEC,A172,Stephen Schulz,Summer 2025,Summer 2025
ELEC,A223,Christopher Hirunthanakorn,Intersession/Spring 2024,Intersession/Spring 2024
ELEC,A223,Wade Federer,Winter/Spring 2026,Winter/Spring 2026
ELEC,A224,Stephen Schulz,Summer 2024,Summer 2025
ELEC,A232,Stephen Schulz,Intersession/Spring 2023,Winter/Spring 2025
ELEC,A232,Wade Federer,Winter/Spring 2026,Winter/Spring 2026
ELEC,A290,Christopher Hirunthanakorn,Summer 2024,Summer 2026
ELL,A006N,Colleen Kerrigan,Winter/Spring 2025,Winter/Spring 2025
ELL,A006N,Jade Nguyen,Summer 2026,Summer 2026
ELL,A006N,Marely Cervantes,Fall 2024,Fall 2026
ELL,A016N,Jade Nguyen,Intersession/Spring 2023,Fall 2026
ELL,A016N,Marely Cervantes,Fall 2023,Fall 2026
ELL,A017N,Jade Nguyen,Winter/Spring 2025,Winter/Spring 2025
ELL,A017N,Marely Cervantes,Fall 2024,Fall 2026
ELL,A020N,Linda Salim,Intersession/Spring 2023,Fall 2026
ELL,A020N,Robert Gibson,Winter/Spring 2025,Winter/Spring 2026
ELL,A020N,Sean Click,Fall 2025,Summer 2026
ELL,A021N,Linnea Hannigan,Fall 2024,Fall 2024
ELL,A021N,Sean Cook,Fall 2023,Fall 2023
ELL,A021N,Vera Figueira,Intersession/Spring 2023,Intersession/Spring 2023
ELL,A025N,Foster Van Deventer,Intersession/Spring 2024,Summer 2024
ELL,A025N,Jade Nguyen,Summer 2023,Fall 2026
ELL,A025N,Linnea Hannigan,Fall 2024,Fall 2024
ELL,A025N,Marely Cervantes,Intersession/Spring 2023,Intersession/Spring 2023
ELL,A025N,Mark Herbst,Intersession/Spring 2023,Intersession/Spring 2023
ELL,A025N,Robert Gibson,Summer 2025,Summer 2026
ELL,A025N,Sean Click,Summer 2024,Summer 2024
ELL,A025N,Sean Cook,Intersession/Spring 2023,Fall 2023
ELL,A025N,Vera Figueira,Fall 2023,Fall 2026
ELL,A026N,Jade Nguyen,Fall 2023,Winter/Spring 2026
ELL,A026N,Rebecca Spohr,Intersession/Spring 2023,Intersession/Spring 2023
ELL,A026N,Robert Gibson,Intersession/Spring 2024,Fall 2026
ELL,A026N,Sean Click,Intersession/Spring 2023,Fall 2023
ELL,A027N,Cheryl Ceralde-Elson,Intersession/Spring 2023,Intersession/Spring 2023
ELL,A027N,Jade Nguyen,Intersession/Spring 2024,Intersession/Spring 2024
ELL,A027N,Jee-Eun Oh,Fall 2025,Fall 2025
ELL,A027N,Kevin Brown,Summer 2023,Summer 2024
ELL,A027N,Linnea Hannigan,Winter/Spring 2025,Fall 2026
ELL,A027N,Robert Gibson,Summer 2024,Fall 2024
ELL,A028N,Jade Nguyen,Fall 2026,Fall 2026
ELL,A028N,Marely Cervantes,Fall 2026,Fall 2026
ELL,A030N,Cheryl Ceralde-Elson,Fall 2023,Fall 2023
ELL,A030N,Jee-Eun Oh,Fall 2025,Fall 2025
ELL,A034N,Kejun Huynh,Winter/Spring 2025,Winter/Spring 2025
ELL,A034N,Kevin Brown,Intersession/Spring 2023,Intersession/Spring 2024
ELL,A034N,Robert Gibson,Fall 2026,Fall 2026
ELL,A035N,Cheryl Bucholtz-Magallon,Intersession/Spring 2023,Intersession/Spring 2023
ELL,A035N,Foster Van Deventer,Fall 2024,Winter/Spring 2025
ELL,A035N,Jade Nguyen,Fall 2023,Winter/Spring 2026
ELL,A035N,Laurie Barton,Summer 2023,Summer 2023
ELL,A035N,Linda Salim,Intersession/Spring 2024,Winter/Spring 2026
ELL,A035N,Linnea Hannigan,Fall 2024,Fall 2026
ELL,A035N,Mark Herbst,Intersession/Spring 2023,Intersession/Spring 2023
ELL,A035N,Robert Gibson,Intersession/Spring 2024,Fall 2024
ELL,A035N,Sean Cook,Fall 2024,Summer 2026
ELL,A035N,Shauna Johnson,Summer 2024,Fall 2025
ELL,A035N,Tatiana Houser,Fall 2026,Fall 2026
ELL,A035N,Vera Figueira,Fall 2023,Fall 2026
ELL,A036N,January Van Leeuwen,Intersession/Spring 2023,Fall 2024
ELL,A036N,Laurie Barton,Intersession/Spring 2023,Fall 2025
ELL,A036N,Rebecca Spohr,Fall 2023,Fall 2024
ELL,A036N,Sean Click,Fall 2023,Fall 2026
ELL,A036N,Tatiana Houser,Fall 2026,Fall 2026
ELL,A037N,Cheryl Ceralde-Elson,Summer 2024,Summer 2024
ELL,A037N,Colleen Kerrigan,Intersession/Spring 2024,Fall 2024
ELL,A037N,Jee-Eun Oh,Winter/Spring 2025,Winter/Spring 2025
ELL,A037N,Laurie Barton,Summer 2023,Summer 2024
ELL,A037N,Linnea Hannigan,Fall 2024,Summer 2026
ELL,A037N,Sean Cook,Summer 2025,Summer 2025
ELL,A037N,Vera Figueira,Intersession/Spring 2023,Winter/Spring 2026
ELL,A043N,Kevin Brown,Intersession/Spring 2023,Intersession/Spring 2023
ELL,A043N,Linda Salim,Intersession/Spring 2023,Intersession/Spring 2023
ELL,A043N,Robert Gibson,Intersession/Spring 2024,Fall 2026
ELL,A043N,Sean Click,Summer 2024,Winter/Spring 2025
ELL,A043N,Sean Cook,Summer 2023,Summer 2023
ELL,A044N,Kevin Brown,Intersession/Spring 2024,Intersession/Spring 2024
ELL,A045N,Vera Figueira,Fall 2026,Fall 2026
ELL,A046N,Laurie Barton,Fall 2023,Winter/Spring 2026
ELL,A046N,Marely Cervantes,Intersession/Spring 2023,Intersession/Spring 2023
ELL,A046N,Sean Cook,Intersession/Spring 2024,Fall 2026
ELL,A046N,Vera Figueira,Fall 2024,Fall 2024
ELL,A047N,Marely Cervantes,Fall 2023,Intersession/Spring 2024
ELL,A047N,Sarah Zakraoui,Winter/Spring 2025,Winter/Spring 2025
ELL,A047N,Sean Cook,Summer 2024,Fall 2026
ELL,A048N,Cindy Nguyen,Intersession/Spring 2023,Intersession/Spring 2023
ELL,A048N,Jade Nguyen,Fall 2024,Fall 2025
ELL,A048N,Jee-Eun Oh,Intersession/Spring 2024,Winter/Spring 2026
ELL,A048N,Laurie Barton,Summer 2025,Summer 2026
ELL,A048N,Linda Salim,Fall 2023,Fall 2026
ELL,A048N,Linnea Hannigan,Summer 2025,Summer 2026
ELL,A048N,Robert Gibson,Summer 2024,Winter/Spring 2026
ELL,A048N,Sean Click,Fall 2024,Fall 2026
ELL,A048N,Sean Cook,Intersession/Spring 2024,Winter/Spring 2026
ELL,A048N,Tatiana Houser,Fall 2026,Fall 2026
ELL,A048N,Vera Figueira,Winter/Spring 2025,Winter/Spring 2025
ELL,A049N,Foster Van Deventer,Fall 2026,Fall 2026
ELL,A049N,Jee-Eun Oh,Fall 2026,Fall 2026
ELL,A049N,Sean Cook,Fall 2026,Fall 2026
ELL,A055N,Esmeralda Godoy,Summer 2024,Summer 2024
ELL,A055N,Foster Van Deventer,Winter/Spring 2026,Winter/Spring 2026
ELL,A055N,Isobel Civen,Intersession/Spring 2024,Intersession/Spring 2024
ELL,A055N,Kejun Huynh,Fall 2026,Fall 2026
ELL,A055N,Laurie Barton,Summer 2025,Summer 2026
ELL,A055N,Linda Salim,Summer 2023,Summer 2026
ELL,A055N,Linnea Hannigan,Winter/Spring 2025,Fall 2026
ELL,A055N,Marely Cervantes,Intersession/Spring 2023,Fall 2023
ELL,A055N,Sean Cook,Summer 2024,Winter/Spring 2026
ELL,A055N,Shauna Johnson,Winter/Spring 2025,Fall 2025
ELL,A056N,Esmeralda Godoy,Fall 2024,Fall 2026
ELL,A056N,Kevin Brown,Fall 2023,Fall 2023
ELL,A056N,Sean Cook,Intersession/Spring 2023,Intersession/Spring 2023
ELL,A056N,Shauna Johnson,Winter/Spring 2025,Winter/Spring 2025
ELL,A057N,Kejun Huynh,Winter/Spring 2026,Winter/Spring 2026
ELL,A057N,Kevin Brown,Intersession/Spring 2023,Intersession/Spring 2023
ELL,A057N,Marely Cervantes,Winter/Spring 2025,Winter/Spring 2025
ELL,A057N,Sean Cook,Fall 2023,Intersession/Spring 2024
ELL,A057N,Shauna Johnson,Fall 2024,Fall 2024
ELL,A058N,Esmeralda Godoy,Intersession/Spring 2024,Winter/Spring 2026
ELL,A058N,Foster Van Deventer,Fall 2025,Fall 2025
ELL,A058N,Kejun Huynh,Summer 2026,Summer 2026
ELL,A058N,Laurie Barton,Summer 2024,Summer 2024
ELL,A058N,Linda Salim,Intersession/Spring 2023,Fall 2023
ELL,A058N,Sean Click,Summer 2023,Summer 2025
ELL,A058N,Shauna Johnson,Fall 2024,Fall 2024
ELL,A059N,Esmeralda Godoy,Intersession/Spring 2024,Winter/Spring 2026
ELL,A059N,Isobel Civen,Fall 2023,Fall 2023
ELL,A059N,Linda Salim,Intersession/Spring 2023,Intersession/Spring 2023
ELL,A059N,Sarah Zakraoui,Fall 2024,Fall 2024
ELL,A059N,Sean Cook,Summer 2026,Summer 2026
ELL,A059N,Tatiana Houser,Fall 2025,Fall 2025
ELL,A061N,Kejun Huynh,Fall 2024,Winter/Spring 2026
ELL,A061N,Robert Gibson,Winter/Spring 2025,Fall 2025
ELL,A064N,Cindy Nguyen,Summer 2025,Summer 2025
ELL,A064N,Jennifer Sharma,Summer 2026,Summer 2026
ELL,A064N,Kejun Huynh,Fall 2024,Fall 2026
ELL,A064N,Marely Cervantes,Summer 2023,Summer 2024
ELL,A064N,Sterling Wilson,Intersession/Spring 2023,Winter/Spring 2025
ELL,A064N,diane Colvin,Intersession/Spring 2023,Intersession/Spring 2024
EMS,A100,Caitlin Sites,Intersession/Spring 2024,Fall 2026
EMS,A100,Jimmy Nguyen,Intersession/Spring 2023,Fall 2023
EMS,A150,Brian Beichner,Intersession/Spring 2023,Fall 2026
EMS,A150L,Caitlin Sites,Intersession/Spring 2023,Fall 2026
EMS,A150L,Jimmy Nguyen,Intersession/Spring 2023,Fall 2026
EMS,A150L,Theresa Pham,Fall 2023,Winter/Spring 2026
EMS,A151,Brian Beichner,Intersession/Spring 2023,Fall 2026
EMS,A160,Jimmy Nguyen,Intersession/Spring 2023,Intersession/Spring 2023
EMS,A160,Theresa Pham,Intersession/Spring 2024,Intersession/Spring 2024
ENGL,A001N,Pamela Gressier,Summer 2023,Summer 2024
ENGL,A001N,Shauna Johnson,Fall 2023,Fall 2023
ENGL,A002N,Leigh Ann Weatherford,Summer 2026,Summer 2026
ENGL,A002N,Patrick Arbor,Winter/Spring 2026,Winter/Spring 2026
ENGL,A002N,Virginia Komenda,Intersession/Spring 2023,Winter/Spring 2025
ENGL,A003N,Michelle Gray Mattoon,Summer 2023,Summer 2023
ENGL,A003N,Shauna Johnson,Fall 2023,Fall 2023
ENGL,A004N,Kate McCarroll,Summer 2023,Summer 2023
ENGL,A004N,Laura Leeper,Fall 2023,Fall 2023
ENGL,A004N,Leigh Ann Weatherford,Summer 2026,Summer 2026
ENGL,A004N,Natalie Salagean,Intersession/Spring 2023,Summer 2024
ENGL,A004N,Shauna Johnson,Intersession/Spring 2024,Intersession/Spring 2024
ENGL,A006N,Andy Stuart,Intersession/Spring 2023,Fall 2023
ENGL,A006N,Brenna Jones,Intersession/Spring 2023,Fall 2024
ENGL,A006N,Ellen Bistline,Intersession/Spring 2023,Fall 2024
ENGL,A006N,Flavia Ruzi,Intersession/Spring 2023,Fall 2023
ENGL,A006N,Kayla Arbor,Intersession/Spring 2023,Fall 2023
ENGL,A006N,Kayleigh Sevi,Intersession/Spring 2023,Intersession/Spring 2023
ENGL,A006N,Pamela Gressier,Intersession/Spring 2023,Fall 2024
ENGL,A099,Donovan Gaytan,Fall 2023,Fall 2023
ENGL,A099,Shauna Johnson,Intersession/Spring 2023,Fall 2023
ENGL,A100,Alan Lovegreen,Intersession/Spring 2023,Fall 2026
ENGL,A100,Alison Bravenec,Fall 2026,Fall 2026
ENGL,A100,Allie Harrison,Fall 2025,Fall 2026
ENGL,A100,Amanda Riggle,Fall 2025,Fall 2025
ENGL,A100,Andy Stuart,Intersession/Spring 2023,Fall 2025
ENGL,A100,Aristi Anagnos,Fall 2023,Fall 2026
ENGL,A100,Ashelyn Wagner,Fall 2025,Fall 2025
ENGL,A100,Brenna Jones,Intersession/Spring 2023,Fall 2026
ENGL,A100,Cara Sharp,Fall 2023,Fall 2026
ENGL,A100,Carly Shaw,Fall 2025,Fall 2025
ENGL,A100,Christopher Evans,Fall 2023,Summer 2026
ENGL,A100,Derrick Fernando,Fall 2023,Fall 2023
ENGL,A100,Dominick Digiacomo,Intersession/Spring 2023,Fall 2026
ENGL,A100,Donovan Gaytan,Fall 2023,Fall 2023
ENGL,A100,Douglas Hong,Fall 2023,Fall 2026
ENGL,A100,Drea Tomlinson,Fall 2026,Fall 2026
ENGL,A100,Dustin Hopkins,Summer 2023,Fall 2026
ENGL,A100,Edward Ceballos,Fall 2024,Fall 2026
ENGL,A100,Elizabeth Chen,Intersession/Spring 2023,Fall 2026
ENGL,A100,Ellen Bistline,Intersession/Spring 2023,Fall 2026
ENGL,A100,Emma Spies,Fall 2024,Fall 2025
ENGL,A100,Erik Rangno,Intersession/Spring 2023,Fall 2026
ENGL,A100,Erin Walsh,Fall 2023,Fall 2026
ENGL,A100,Flavia Ruzi,Intersession/Spring 2023,Winter/Spring 2026
ENGL,A100,Gabriel Paez,Intersession/Spring 2023,Fall 2026
ENGL,A100,Gary Hoffman,Intersession/Spring 2023,Fall 2024
ENGL,A100,Genevieve Zuidervaart,Intersession/Spring 2023,Fall 2026
ENGL,A100,Glynis Hoffman,Intersession/Spring 2023,Winter/Spring 2026
ENGL,A100,Heidi Kandybina,Fall 2025,Fall 2025
ENGL,A100,Ingy Mohamed,Fall 2023,Fall 2026
ENGL,A100,Isis Huang,Fall 2026,Fall 2026
ENGL,A100,Jamie Bunch,Fall 2026,Fall 2026
ENGL,A100,Janalee Tabayoyong,Fall 2024,Fall 2024
ENGL,A100,Jeremy Zitter,Intersession/Spring 2023,Fall 2026
ENGL,A100,Jessica Christian,Fall 2023,Fall 2024
ENGL,A100,Jessica Haile,Fall 2025,Fall 2026
ENGL,A100,Joshua Wood,Intersession/Spring 2023,Fall 2026
ENGL,A100,Karen Felts,Intersession/Spring 2023,Fall 2026
ENGL,A100,Kate McCarroll,Intersession/Spring 2023,Fall 2026
ENGL,A100,Kate Ozbirn,Intersession/Spring 2023,Intersession/Spring 2023
ENGL,A100,Kayla Arbor,Intersession/Spring 2023,Fall 2026
ENGL,A100,Kayleigh Sevi,Intersession/Spring 2023,Fall 2026
ENGL,A100,Ken Parker,Fall 2023,Fall 2024
ENGL,A100,Kristen Venegas,Fall 2026,Fall 2026
ENGL,A100,Laura Leeper,Intersession/Spring 2023,Fall 2026
ENGL,A100,Laura Wagner,Intersession/Spring 2023,Fall 2026
ENGL,A100,Leigh Ann Weatherford,Intersession/Spring 2023,Fall 2026
ENGL,A100,Loretta Obstfeld,Intersession/Spring 2023,Fall 2026
ENGL,A100,Margaret Purnell,Fall 2023,Fall 2023
ENGL,A100,Marilyn Kennedy,Fall 2023,Fall 2026
ENGL,A100,Mark Gallagher,Fall 2023,Fall 2024
ENGL,A100,Matthew Mayer,Fall 2023,Fall 2026
ENGL,A100,Michele Mitchell,Intersession/Spring 2023,Fall 2026
ENGL,A100,Michelle Doherty,Intersession/Spring 2023,Fall 2026
ENGL,A100,Michelle Gray Mattoon,Intersession/Spring 2023,Intersession/Spring 2024
ENGL,A100,Natalie Salagean,Intersession/Spring 2023,Fall 2026
ENGL,A100,Nina Barrios,Intersession/Spring 2023,Intersession/Spring 2023
ENGL,A100,Nunzio Lazzara,Intersession/Spring 2023,Fall 2026
ENGL,A100,Paco Brito Nunez,Intersession/Spring 2023,Fall 2026
ENGL,A100,Pamela Gressier,Intersession/Spring 2023,Fall 2026
ENGL,A100,Patrick Arbor,Fall 2023,Winter/Spring 2026
ENGL,A100,Patrick Mcburnie-Nicolay,Fall 2026,Fall 2026
ENGL,A100,Richard Martin,Fall 2023,Fall 2026
ENGL,A100,Samual Raleigh,Intersession/Spring 2023,Fall 2026
ENGL,A100,Sarah Gray,Intersession/Spring 2023,Fall 2026
ENGL,A100,Shelby Perlis,Fall 2023,Fall 2023
ENGL,A100,Sigfried Abuel,Fall 2024,Fall 2024
ENGL,A100,Thomas Krucli,Intersession/Spring 2023,Fall 2026
ENGL,A100,Virginia Komenda,Intersession/Spring 2023,Fall 2026
ENGL,A101,Alan Lovegreen,Intersession/Spring 2023,Fall 2026
ENGL,A101,Allie Harrison,Winter/Spring 2026,Winter/Spring 2026
ENGL,A101,Andy Stuart,Intersession/Spring 2023,Fall 2025
ENGL,A101,Aristi Anagnos,Intersession/Spring 2023,Winter/Spring 2025
ENGL,A101,Christopher Evans,Intersession/Spring 2023,Winter/Spring 2026
ENGL,A101,Derrick Fernando,Intersession/Spring 2023,Intersession/Spring 2023
ENGL,A101,Donovan Gaytan,Intersession/Spring 2023,Intersession/Spring 2024
ENGL,A101,Douglas Hong,Intersession/Spring 2024,Intersession/Spring 2024
ENGL,A101,Dustin Hopkins,Intersession/Spring 2023,Fall 2026
ENGL,A101,Elizabeth Chen,Intersession/Spring 2024,Winter/Spring 2026
ENGL,A101,Ellen Bistline,Intersession/Spring 2023,Winter/Spring 2026
ENGL,A101,Emma Spies,Winter/Spring 2025,Winter/Spring 2026
ENGL,A101,Erik Rangno,Intersession/Spring 2023,Fall 2026
ENGL,A101,Erin Walsh,Intersession/Spring 2023,Winter/Spring 2026
ENGL,A101,Flavia Ruzi,Intersession/Spring 2023,Winter/Spring 2026
ENGL,A101,Gary Hoffman,Intersession/Spring 2023,Winter/Spring 2026
ENGL,A101,Genevieve Zuidervaart,Fall 2023,Fall 2026
ENGL,A101,Glynis Hoffman,Intersession/Spring 2023,Winter/Spring 2026
ENGL,A101,Jeremy Zitter,Intersession/Spring 2023,Fall 2026
ENGL,A101,Karen Felts,Intersession/Spring 2023,Intersession/Spring 2023
ENGL,A101,Kayla Arbor,Intersession/Spring 2023,Winter/Spring 2026
ENGL,A101,Kayleigh Sevi,Intersession/Spring 2023,Fall 2026
ENGL,A101,Ken Parker,Intersession/Spring 2023,Winter/Spring 2025
ENGL,A101,Laura Wagner,Intersession/Spring 2023,Fall 2026
ENGL,A101,Leigh Ann Weatherford,Intersession/Spring 2023,Fall 2026
ENGL,A101,Loretta Obstfeld,Intersession/Spring 2023,Fall 2026
ENGL,A101,Margaret Purnell,Intersession/Spring 2024,Intersession/Spring 2024
ENGL,A101,Marilyn Kennedy,Intersession/Spring 2023,Fall 2026
ENGL,A101,Michele Mitchell,Intersession/Spring 2023,Winter/Spring 2026
ENGL,A101,Michelle Doherty,Intersession/Spring 2023,Winter/Spring 2025
ENGL,A101,Natalie Salagean,Intersession/Spring 2024,Intersession/Spring 2024
ENGL,A101,Paco Brito Nunez,Intersession/Spring 2023,Fall 2026
ENGL,A101,Pamela Gressier,Intersession/Spring 2023,Summer 2026
ENGL,A101,Patrick Arbor,Winter/Spring 2025,Winter/Spring 2026
ENGL,A101,Samual Raleigh,Intersession/Spring 2023,Intersession/Spring 2024
ENGL,A101,Sarah Gray,Intersession/Spring 2023,Winter/Spring 2026
ENGL,A101H,Erik Rangno,Intersession/Spring 2023,Fall 2026
ENGL,A101H,Gary Hoffman,Intersession/Spring 2023,Winter/Spring 2026
ENGL,A101H,Kayleigh Sevi,Winter/Spring 2026,Fall 2026
ENGL,A101H,Ken Parker,Intersession/Spring 2023,Winter/Spring 2025
ENGL,A101H,Marilyn Kennedy,Intersession/Spring 2023,Fall 2026
ENGL,A101H,Paco Brito Nunez,Winter/Spring 2026,Winter/Spring 2026
ENGL,A102,Alan Lovegreen,Summer 2024,Summer 2026
ENGL,A102,Dustin Hopkins,Intersession/Spring 2023,Winter/Spring 2026
ENGL,A102,Erik Rangno,Winter/Spring 2025,Fall 2026
ENGL,A102,Karen Felts,Intersession/Spring 2023,Fall 2026
ENGL,A102,Kate McCarroll,Intersession/Spring 2023,Winter/Spring 2026
ENGL,A102,Leigh Ann Weatherford,Intersession/Spring 2023,Winter/Spring 2026
ENGL,A102,Marilyn Kennedy,Intersession/Spring 2023,Winter/Spring 2026
ENGL,A102,Tony Stevenson,Fall 2026,Fall 2026
ENGL,A102,Virginia Komenda,Fall 2024,Fall 2026
ENGL,A102H,Erik Rangno,Winter/Spring 2025,Fall 2026
ENGL,A102H,Kate McCarroll,Intersession/Spring 2023,Intersession/Spring 2023
ENGL,A102H,Marilyn Kennedy,Intersession/Spring 2023,Winter/Spring 2026
ENGL,A109,Karen Felts,Intersession/Spring 2023,Fall 2026
ENGL,A117,Gustavo Arellano,Intersession/Spring 2023,Fall 2024
ENGL,A119,Erik Rangno,Intersession/Spring 2023,Fall 2026
ENGL,A119,Loretta Obstfeld,Fall 2024,Winter/Spring 2025
ENGL,A119,Virginia Komenda,Intersession/Spring 2023,Winter/Spring 2026
ENGL,A121,Erik Rangno,Fall 2023,Fall 2023
ENGL,A121,Loretta Obstfeld,Fall 2025,Fall 2025
ENGL,A121,Virginia Komenda,Fall 2024,Fall 2026
ENGL,A122,Raymond Obstfeld,Intersession/Spring 2023,Fall 2026
ENGL,A123,Virginia Komenda,Intersession/Spring 2023,Winter/Spring 2026
ENGL,A126,Loretta Obstfeld,Intersession/Spring 2023,Winter/Spring 2026
ENGL,A126,Virginia Komenda,Winter/Spring 2025,Winter/Spring 2025
ENGL,A127,Raymond Obstfeld,Fall 2026,Fall 2026
ENGL,A127,Steven Nesbitt,Intersession/Spring 2023,Intersession/Spring 2024
ENGL,A141,Leigh Ann Weatherford,Intersession/Spring 2024,Fall 2025
ENGL,A141H,Leigh Ann Weatherford,Intersession/Spring 2024,Fall 2025
ENGL,A143,Alan Lovegreen,Winter/Spring 2025,Winter/Spring 2025
ENGL,A143,Genevieve Zuidervaart,Intersession/Spring 2023,Intersession/Spring 2024
ENGL,A143,Kate McCarroll,Fall 2023,Winter/Spring 2026
ENGL,A143H,Alan Lovegreen,Winter/Spring 2025,Winter/Spring 2025
ENGL,A143H,Genevieve Zuidervaart,Intersession/Spring 2024,Intersession/Spring 2024
ENGL,A147,Alan Lovegreen,Intersession/Spring 2023,Intersession/Spring 2023
ENGL,A147,Laura Wagner,Intersession/Spring 2024,Intersession/Spring 2024
ENGL,A147,Paco Brito Nunez,Fall 2024,Winter/Spring 2026
ENGL,A147H,Alan Lovegreen,Intersession/Spring 2023,Intersession/Spring 2023
ENGL,A147H,Laura Wagner,Intersession/Spring 2024,Intersession/Spring 2024
ENGL,A147H,Paco Brito Nunez,Fall 2024,Winter/Spring 2026
ENGL,A148,Alan Lovegreen,Fall 2025,Fall 2025
ENGL,A148,Ellen Bistline,Fall 2023,Fall 2024
ENGL,A148,Flavia Ruzi,Intersession/Spring 2024,Intersession/Spring 2024
ENGL,A148,Karen Felts,Intersession/Spring 2023,Winter/Spring 2026
ENGL,A148H,Alan Lovegreen,Fall 2025,Fall 2025
ENGL,A148H,Flavia Ruzi,Intersession/Spring 2024,Intersession/Spring 2024
ENGL,A148H,Karen Felts,Intersession/Spring 2023,Winter/Spring 2026
ENGL,A150,Alan Lovegreen,Fall 2024,Fall 2026
ENGL,A150,Paco Brito Nunez,Fall 2023,Fall 2025
ENGL,A150H,Alan Lovegreen,Fall 2024,Fall 2026
ENGL,A150H,Paco Brito Nunez,Fall 2023,Fall 2025
ENGL,A151,Alan Lovegreen,Intersession/Spring 2024,Intersession/Spring 2024
ENGL,A151,Genevieve Zuidervaart,Winter/Spring 2025,Winter/Spring 2026
ENGL,A151,Paco Brito Nunez,Intersession/Spring 2023,Intersession/Spring 2023
ENGL,A151H,Alan Lovegreen,Intersession/Spring 2024,Intersession/Spring 2024
ENGL,A151H,Genevieve Zuidervaart,Winter/Spring 2025,Winter/Spring 2026
ENGL,A151H,Paco Brito Nunez,Intersession/Spring 2023,Intersession/Spring 2023
ENGL,A152,Flavia Ruzi,Fall 2023,Winter/Spring 2025
ENGL,A152,Laura Wagner,Fall 2026,Fall 2026
ENGL,A152H,Flavia Ruzi,Fall 2023,Winter/Spring 2025
ENGL,A152H,Laura Wagner,Fall 2026,Fall 2026
ENGL,A156,Christopher Evans,Intersession/Spring 2024,Intersession/Spring 2024
ENGL,A156H,Christopher Evans,Intersession/Spring 2024,Intersession/Spring 2024
ENGL,A160,Christopher Evans,Fall 2024,Fall 2024
ENGL,A160,Kayleigh Sevi,Fall 2023,Winter/Spring 2026
ENGL,A160H,Christopher Evans,Fall 2024,Fall 2024
ENGL,A160H,Kayleigh Sevi,Fall 2023,Winter/Spring 2026
ENGL,A161,Christopher Evans,Intersession/Spring 2023,Fall 2025
ENGL,A161,Laura Wagner,Fall 2023,Winter/Spring 2025
ENGL,A161,Paco Brito Nunez,Fall 2026,Fall 2026
ENGL,A161H,Christopher Evans,Intersession/Spring 2023,Fall 2025
ENGL,A161H,Laura Wagner,Fall 2023,Winter/Spring 2025
ENGL,A161H,Paco Brito Nunez,Fall 2026,Fall 2026
ENGL,A168,Karen Felts,Fall 2025,Fall 2025
ENGL,A170,Paco Brito Nunez,Winter/Spring 2025,Winter/Spring 2025
ENGL,A170H,Paco Brito Nunez,Winter/Spring 2025,Winter/Spring 2025
ENGL,A173,Flavia Ruzi,Intersession/Spring 2023,Winter/Spring 2026
ENGL,A173,Kayleigh Sevi,Fall 2024,Fall 2024
ENGL,A173H,Flavia Ruzi,Intersession/Spring 2023,Winter/Spring 2026
ENGL,A173H,Kayleigh Sevi,Fall 2024,Fall 2024
ENGL,A176,Kate McCarroll,Winter/Spring 2025,Fall 2026
ENGL,A176,Kayleigh Sevi,Intersession/Spring 2024,Intersession/Spring 2024
ENGL,A176H,Kayleigh Sevi,Intersession/Spring 2024,Intersession/Spring 2024
ENGL,A179,Ellen Bistline,Fall 2025,Fall 2025
ENGL,A179,Karen Felts,Fall 2023,Fall 2023
ENGL,A179H,Ellen Bistline,Fall 2025,Fall 2025
ENGL,A179H,Karen Felts,Fall 2023,Fall 2023
ENGL,A181,Christopher Evans,Winter/Spring 2026,Winter/Spring 2026
ENGL,A181,Donovan Gaytan,Intersession/Spring 2023,Intersession/Spring 2024
ENGL,A181,Kayleigh Sevi,Winter/Spring 2025,Winter/Spring 2025
ENGL,A181H,Christopher Evans,Winter/Spring 2026,Winter/Spring 2026
ENGL,A181H,Donovan Gaytan,Intersession/Spring 2023,Intersession/Spring 2024
ENGL,A181H,Kayleigh Sevi,Winter/Spring 2025,Winter/Spring 2025
ENGL,A187,Karen Felts,Fall 2024,Fall 2024
ENGL,A187,Laura Wagner,Intersession/Spring 2023,Winter/Spring 2026
ENGL,A187H,Karen Felts,Fall 2024,Fall 2024
ENGL,A187H,Laura Wagner,Intersession/Spring 2023,Winter/Spring 2026
ENGL,A222,Raymond Obstfeld,Intersession/Spring 2023,Fall 2026
ENGL,A226,Loretta Obstfeld,Winter/Spring 2026,Winter/Spring 2026
ENGL,A226,Virginia Komenda,Winter/Spring 2025,Winter/Spring 2025
ENGL,A227,Raymond Obstfeld,Fall 2026,Fall 2026
ENGL,A227,Steven Nesbitt,Intersession/Spring 2023,Intersession/Spring 2024
ENGL,A232,Raymond Obstfeld,Intersession/Spring 2023,Fall 2026
ENGL,A236,Loretta Obstfeld,Winter/Spring 2026,Winter/Spring 2026
ENGL,A237,Raymond Obstfeld,Fall 2026,Fall 2026
ENGL,A237,Steven Nesbitt,Intersession/Spring 2023,Intersession/Spring 2024
ENGL,A242,Raymond Obstfeld,Intersession/Spring 2023,Fall 2026
ENGL,A247,Raymond Obstfeld,Fall 2026,Fall 2026
ENGL,A247,Steven Nesbitt,Intersession/Spring 2023,Intersession/Spring 2024
ENGL,A270,Andy Stuart,Intersession/Spring 2024,Fall 2025
ENGL,A270,Christopher Evans,Fall 2023,Winter/Spring 2025
ENGL,A270,Ellen Bistline,Fall 2026,Fall 2026
ENGL,A270H,Andy Stuart,Intersession/Spring 2024,Fall 2025
ENGL,A270H,Christopher Evans,Fall 2023,Winter/Spring 2025
ENGL,A270H,Ellen Bistline,Fall 2026,Fall 2026
ENGL,A275,Ellen Bistline,Intersession/Spring 2024,Winter/Spring 2026
ENGL,A275,Flavia Ruzi,Fall 2025,Fall 2025
ENGL,A275,Kayleigh Sevi,Intersession/Spring 2023,Intersession/Spring 2023
ENGL,A275,Laura Wagner,Fall 2024,Fall 2024
ENGL,A275H,Ellen Bistline,Intersession/Spring 2024,Winter/Spring 2026
ENGL,A275H,Flavia Ruzi,Fall 2025,Fall 2025
ENGL,A275H,Kayleigh Sevi,Intersession/Spring 2023,Intersession/Spring 2023
ENGL,A275H,Laura Wagner,Fall 2024,Fall 2024
ENGR,A110,Anh-Tuan Le,Fall 2025,Winter/Spring 2026
ENGR,A110,Christopher Hirunthanakorn,Winter/Spring 2025,Winter/Spring 2026
ENGR,A110,David Giordano,Fall 2026,Fall 2026
ENGR,A110,David Shieh,Winter/Spring 2025,Winter/Spring 2025
ENGR,A110,Khanh Pham,Winter/Spring 2026,Fall 2026
ENGR,A110,Martha Barhouse,Fall 2023,Winter/Spring 2025
ENGR,A110,Matthew Brutlag,Intersession/Spring 2024,Intersession/Spring 2024
ENGR,A110,Morteza Shakeri Majd,Intersession/Spring 2023,Winter/Spring 2025
ENGR,A110,Sahar Ghanem,Intersession/Spring 2023,Intersession/Spring 2023
ENGR,A110,Wade Federer,Fall 2026,Fall 2026
ENGR,A110,Wayne Cottrell,Intersession/Spring 2023,Fall 2024
ENGR,A110,Yo Seol,Fall 2025,Fall 2026
ENGR,A180,Alborz Jelvani,Winter/Spring 2026,Fall 2026
ENGR,A180,Angelo Esposito,Intersession/Spring 2024,Winter/Spring 2026
ENGR,A180,Chris Killer,Fall 2025,Fall 2026
ENGR,A180,David Giordano,Fall 2025,Fall 2025
ENGR,A180,David Shieh,Fall 2023,Winter/Spring 2025
ENGR,A180,Martha Barhouse,Intersession/Spring 2023,Winter/Spring 2025
ENGR,A180,Morteza Shakeri Majd,Intersession/Spring 2023,Intersession/Spring 2023
ENGR,A199,Derek Honkawa,Winter/Spring 2026,Winter/Spring 2026
ENGR,A199,Matthew Brutlag,Fall 2023,Fall 2023
ENGR,A210,Angelo Esposito,Fall 2024,Fall 2025
ENGR,A210,Derek Honkawa,Fall 2026,Fall 2026
ENGR,A220,Alborz Jelvani,Fall 2026,Fall 2026
ENGR,A220,Angelo Esposito,Intersession/Spring 2024,Winter/Spring 2026
ENGR,A220,Benyamin Allahgholizadeh Haghi,Fall 2025,Fall 2025
ENGR,A220,Christopher Hirunthanakorn,Winter/Spring 2026,Winter/Spring 2026
ENGR,A220,Mansour Abdoli,Fall 2026,Fall 2026
ENGR,A220,Morteza Shakeri Majd,Intersession/Spring 2023,Winter/Spring 2025
ENGR,A220,Wayne Cottrell,Fall 2023,Fall 2023
ENGR,A230,Angelo Esposito,Winter/Spring 2025,Winter/Spring 2025
ENGR,A230,Pratanu Ghosh,Summer 2023,Summer 2024
ENGR,A240,Angelo Esposito,Winter/Spring 2026,Winter/Spring 2026
ENGR,A240,Pratanu Ghosh,Intersession/Spring 2023,Intersession/Spring 2024
ENGR,A280,Alborz Jelvani,Fall 2026,Fall 2026
ENGR,A280,Angelo Esposito,Intersession/Spring 2024,Winter/Spring 2026
ENGR,A280,Pratanu Ghosh,Intersession/Spring 2023,Winter/Spring 2026
ENGR,A280,Syed Hussain,Fall 2025,Fall 2026
ENGR,A285,Syed Hussain,Intersession/Spring 2023,Winter/Spring 2026
ESEC,A100,Dr. Tanya Hoerer,Fall 2023,Winter/Spring 2026
ESEC,A100,Kelli Elliott,Intersession/Spring 2023,Fall 2026
ESEC,A100,Lisa Snyder,Intersession/Spring 2023,Fall 2026
ESEC,A100,Mary Blasius,Intersession/Spring 2023,Summer 2026
ESEC,A100,Velvet Park,Intersession/Spring 2023,Intersession/Spring 2023
ESEC,A100H,Kelli Elliott,Intersession/Spring 2023,Fall 2026
ESEC,A100H,Lisa Snyder,Intersession/Spring 2023,Intersession/Spring 2024
ESEC,A110,Kelli Elliott,Fall 2023,Fall 2026
ESEC,A121,Kelli Elliott,Fall 2023,Fall 2025
ESEC,A124,Karen Baker,Winter/Spring 2025,Winter/Spring 2025
ESEC,A124,Kelli Elliott,Intersession/Spring 2023,Intersession/Spring 2023
ESEC,A124,Mary Blasius,Intersession/Spring 2024,Winter/Spring 2026
ESEC,A140,Jan Goerrissen,Intersession/Spring 2024,Intersession/Spring 2024
ESEC,A141,Kelli Elliott,Fall 2023,Winter/Spring 2026
ESL,A022,Linda Salim,Fall 2024,Fall 2024
ESL,A022,diane Colvin,Intersession/Spring 2023,Intersession/Spring 2024
ESL,A024,Isobel Civen,Fall 2024,Fall 2024
ESL,A024,diane Colvin,Intersession/Spring 2023,Intersession/Spring 2024
ESL,A032,Laurie Barton,Intersession/Spring 2023,Winter/Spring 2026
ESL,A032,Sarah Zakraoui,Fall 2026,Fall 2026
ESL,A034,Cindy Nguyen,Fall 2024,Fall 2026
ESL,A034,Sean Click,Intersession/Spring 2023,Intersession/Spring 2024
ESL,A043N,Maria Lerma,Fall 2025,Fall 2026
ESL,A044N,Marely Cervantes,Fall 2025,Winter/Spring 2026
ESL,A045N,Cheryl Ceralde-Elson,Intersession/Spring 2023,Fall 2024
ESL,A045N,Marely Cervantes,Winter/Spring 2025,Winter/Spring 2025
ESL,A045N,Paloma Duran,Intersession/Spring 2023,Winter/Spring 2026
ESL,A046N,Linda Salim,Fall 2023,Intersession/Spring 2024
ESL,A046N,Marely Cervantes,Summer 2023,Summer 2023
ESL,A046N,Maria Lerma,Intersession/Spring 2023,Fall 2026
ESL,A046N,Paloma Duran,Summer 2024,Summer 2025
ESL,A046N,Sterling Wilson,Intersession/Spring 2023,Intersession/Spring 2023
ESL,A047N,Cheryl Ceralde-Elson,Intersession/Spring 2023,Intersession/Spring 2023
ESL,A047N,Linda Salim,Fall 2023,Winter/Spring 2026
ESL,A048N,Catherine Moore,Intersession/Spring 2023,Fall 2025
ESL,A048N,Michelle Livote,Fall 2024,Fall 2024
ESL,A049N,Cindy Nguyen,Intersession/Spring 2023,Intersession/Spring 2023
ESL,A049N,Marci Gomez-Lee,Intersession/Spring 2023,Fall 2026
ESL,A049N,Marely Cervantes,Fall 2023,Winter/Spring 2025
ESL,A049N,Paloma Duran,Intersession/Spring 2023,Summer 2026
ESL,A049N,diane Colvin,Summer 2023,Summer 2023
ESL,A052,Cindy Nguyen,Winter/Spring 2026,Winter/Spring 2026
ESL,A052,Isobel Civen,Intersession/Spring 2024,Intersession/Spring 2024
ESL,A052,Maria Lerma,Intersession/Spring 2023,Fall 2026
ESL,A054,Maria Lerma,Intersession/Spring 2023,Fall 2024
ESL,A054,Michelle Livote,Fall 2023,Fall 2026
ESL,A100,Cindy Nguyen,Intersession/Spring 2023,Fall 2024
ESL,A100,Jennifer Sharma,Fall 2024,Fall 2026
ESL,A100,Laurie Barton,Intersession/Spring 2023,Winter/Spring 2026
ESL,A100,Marely Cervantes,Intersession/Spring 2023,Fall 2026
ESL,A100,Maria Lerma,Intersession/Spring 2023,Fall 2026
ESL,A100,Nujoud Alattar,Fall 2024,Fall 2026
ESL,A100,Paloma Duran,Intersession/Spring 2023,Fall 2023
ESL,A100,Teruo Masuda,Intersession/Spring 2024,Fall 2026
ESL,A100,Tremonisha Putros,Intersession/Spring 2023,Summer 2026
ESL,A162,Cindy Nguyen,Summer 2025,Summer 2025
ESL,A162,Jennifer Sharma,Summer 2026,Summer 2026
ESL,A162,Kejun Huynh,Fall 2024,Fall 2026
ESL,A162,Marely Cervantes,Summer 2023,Summer 2024
ESL,A162,Sterling Wilson,Intersession/Spring 2023,Winter/Spring 2025
ESL,A162,diane Colvin,Intersession/Spring 2023,Intersession/Spring 2024
ESL,A192,Aaron Kelly,Fall 2024,Fall 2024
ESL,A192,Cheryl Bucholtz-Magallon,Intersession/Spring 2023,Intersession/Spring 2023
ESL,A192,Isobel Civen,Fall 2023,Fall 2026
ETHS,A100,Alan Aquallo,Winter/Spring 2026,Fall 2026
ETHS,A100,Andy Wu,Fall 2026,Fall 2026
ETHS,A100,Ashley Yniguez,Fall 2026,Fall 2026
ETHS,A100,Carol Park,Fall 2023,Fall 2025
ETHS,A100,Felipe Salazar,Intersession/Spring 2023,Fall 2026
ETHS,A100,Francisco Najera,Intersession/Spring 2023,Fall 2026
ETHS,A100,Jessica-Ayo Alabi,Intersession/Spring 2023,Fall 2026
ETHS,A100,Jimmy Kirby,Intersession/Spring 2024,Intersession/Spring 2024
ETHS,A100,Jose Zamora,Winter/Spring 2025,Winter/Spring 2026
ETHS,A100,Julian Camacho,Fall 2026,Fall 2026
ETHS,A100,Stephanie Lemus,Intersession/Spring 2024,Fall 2026
ETHS,A100,Takahito Tanaka,Intersession/Spring 2023,Intersession/Spring 2023
ETHS,A100,Trinity Gabato,Fall 2026,Fall 2026
ETHS,A110,Francisco Najera,Intersession/Spring 2023,Fall 2026
ETHS,A110,Jose Zamora,Fall 2026,Fall 2026
ETHS,A110,Stephanie Lemus,Winter/Spring 2025,Fall 2026
ETHS,A115,Carol Park,Intersession/Spring 2024,Fall 2026
ETHS,A115,Julie Tran,Winter/Spring 2026,Fall 2026
ETHS,A115,Takahito Tanaka,Intersession/Spring 2023,Intersession/Spring 2023
ETHS,A115,Trinity Gabato,Fall 2026,Fall 2026
ETHS,A150,Francisco Najera,Fall 2023,Fall 2026
ETHS,A150,Jordan Stanton,Intersession/Spring 2023,Intersession/Spring 2023
ETHS,A150,Jose Zamora,Summer 2026,Fall 2026
ETHS,A190,Jessica-Ayo Alabi,Intersession/Spring 2024,Fall 2026
FASH,A050,Cianna Calandrino,Intersession/Spring 2023,Fall 2024
FASH,A100,Cianna Calandrino,Fall 2024,Fall 2026
FASH,A100,Katie Conner,Intersession/Spring 2023,Fall 2026
FASH,A100,Laura Bonnell,Summer 2026,Summer 2026
FASH,A100,Lauren Becker,Intersession/Spring 2024,Winter/Spring 2026
FASH,A100,Matthew Baker,Fall 2025,Fall 2025
FASH,A100,Sherilyn Miller,Intersession/Spring 2023,Winter/Spring 2025
FASH,A100,Sibley Sabori,Fall 2026,Fall 2026
FASH,A102,Donna Dickens,Summer 2023,Fall 2026
FASH,A102,Matthew Baker,Fall 2024,Fall 2024
FASH,A110,Jennifer Woodson,Fall 2026,Fall 2026
FASH,A110,Michelle Craner,Intersession/Spring 2023,Summer 2026
FASH,A110,Sherilyn Miller,Intersession/Spring 2023,Winter/Spring 2026
FASH,A115,Camila Smith,Intersession/Spring 2023,Intersession/Spring 2024
FASH,A115,Michelle Craner,Intersession/Spring 2023,Fall 2026
FASH,A116,Camila Smith,Intersession/Spring 2023,Fall 2026
FASH,A117,Macie Day,Winter/Spring 2025,Winter/Spring 2026
FASH,A118,shane Geil,Intersession/Spring 2023,Fall 2026
FASH,A119,Julia Ruiz,Fall 2026,Fall 2026
FASH,A119,Steve Jones,Fall 2024,Fall 2025
FASH,A120,Mary Ann Fueger,Intersession/Spring 2023,Fall 2026
FASH,A121,shane Geil,Intersession/Spring 2023,Fall 2026
FASH,A130,Donna Dickens,Intersession/Spring 2023,Fall 2025
FASH,A135,Benjamin Soto,Intersession/Spring 2023,Winter/Spring 2026
FASH,A137,Donna Dickens,Intersession/Spring 2023,Winter/Spring 2026
FASH,A145,Sarah Wood,Winter/Spring 2026,Winter/Spring 2026
FASH,A145,Tara Blackburn,Intersession/Spring 2023,Winter/Spring 2025
FASH,A150,Mary Ann Fueger,Intersession/Spring 2023,Fall 2026
FASH,A155,Matthew Baker,Intersession/Spring 2023,Fall 2026
FASH,A170,Lauren Becker,Intersession/Spring 2023,Winter/Spring 2026
FASH,A170,Michelle Craner,Fall 2026,Fall 2026
FASH,A175,Charlene Reed,Fall 2026,Fall 2026
FASH,A175,Lauren Becker,Intersession/Spring 2023,Summer 2026
FASH,A177,Michelle Craner,Intersession/Spring 2023,Fall 2026
FASH,A180,Matthew Baker,Fall 2023,Fall 2026
FASH,A181,Michelle Craner,Intersession/Spring 2023,Fall 2026
FASH,A182,Lauren Becker,Intersession/Spring 2023,Winter/Spring 2026
FASH,A183,Donna Dickens,Intersession/Spring 2023,Winter/Spring 2026
FASH,A190,Laura Bonnell,Intersession/Spring 2023,Fall 2026
FASH,A191,Laura Bonnell,Intersession/Spring 2023,Winter/Spring 2025
FASH,A192,Cianna Calandrino,Winter/Spring 2025,Winter/Spring 2025
FASH,A192,Laura Bonnell,Summer 2023,Summer 2023
FASH,A192,Sarah Wood,Intersession/Spring 2024,Intersession/Spring 2024
FASH,A199,Debbie Bux-Hurwitz,Fall 2023,Fall 2023
FASH,A200,Michelle Craner,Intersession/Spring 2023,Fall 2026
FASH,A210,John Hazen,Fall 2024,Fall 2024
FASH,A210,Laura Bonnell,Fall 2026,Fall 2026
FASH,A210,Sara Kheradvar,Fall 2025,Fall 2025
FASH,A215,Sara Kheradvar,Winter/Spring 2026,Winter/Spring 2026
FASH,A220,Cristina Khadivi,Fall 2026,Fall 2026
FASH,A220,Tara Blackburn,Fall 2024,Fall 2025
FASH,A225,Michelle Craner,Intersession/Spring 2023,Winter/Spring 2026
FASH,A233,Donna Dickens,Intersession/Spring 2024,Fall 2026
FASH,A235,Donna Dickens,Fall 2023,Fall 2026
FASH,A255,Debbie Bux-Hurwitz,Fall 2023,Fall 2026
FASH,A255,Laura Bonnell,Intersession/Spring 2023,Fall 2026
FASH,A256,Debbie Bux-Hurwitz,Intersession/Spring 2023,Winter/Spring 2026
FASH,A260,Rebecca Waldron,Winter/Spring 2025,Winter/Spring 2026
FASH,A263,Debbie Bux-Hurwitz,Winter/Spring 2025,Winter/Spring 2025
FASH,A263,Jakob Meighen,Winter/Spring 2026,Winter/Spring 2026
FASH,A266,Mary Lombard,Fall 2023,Fall 2026
FBM,A100,Eric Cohen,Fall 2023,Fall 2026
FBM,A100,Sarah Dhillon,Fall 2023,Winter/Spring 2025
FBM,A102,Alexandra Yates,Fall 2023,Fall 2026
FBM,A102,Eric Cohen,Winter/Spring 2026,Fall 2026
FBM,A102,Jacqueline Larson,Fall 2023,Winter/Spring 2026
FBM,A102,Michelle Tu,Fall 2023,Fall 2026
FBM,A115,Elizabeth Blake,Fall 2023,Fall 2026
FBM,A115,Eric Cohen,Intersession/Spring 2024,Intersession/Spring 2024
FBM,A140,Alexandra Yates,Fall 2024,Winter/Spring 2025
FBM,A140,Michael Smith,Fall 2023,Intersession/Spring 2024
FBM,A140,Sarah Dhillon,Fall 2025,Fall 2026
FBM,A145,Alexandra Yates,Intersession/Spring 2024,Fall 2026
FBM,A146,Alexandra Yates,Winter/Spring 2025,Winter/Spring 2025
FBM,A146,Michelle Tu,Winter/Spring 2026,Winter/Spring 2026
FBM,A147,Alexandra Yates,Fall 2024,Fall 2026
FBM,A175,Michelle Tu,Winter/Spring 2025,Winter/Spring 2025
FBM,A175,Sarah Dhillon,Intersession/Spring 2024,Fall 2026
FBM,A190,Alexandra Yates,Fall 2023,Fall 2026
FBM,A195,Eric Cohen,Fall 2023,Fall 2026
FBM,A215,Amy Wilson,Fall 2023,Fall 2026
FBM,A215,Eric Cohen,Intersession/Spring 2024,Winter/Spring 2025
FBM,A220,Alexandra Yates,Fall 2023,Fall 2026
FBM,A221,Sarah Dhillon,Fall 2023,Fall 2026
FBM,A222,Eric Cohen,Fall 2023,Fall 2026
FBM,A222,Sarah Dhillon,Fall 2023,Summer 2026
FBM,A270,Alexandra Yates,Winter/Spring 2025,Fall 2026
FBM,A270,Sarah Dhillon,Intersession/Spring 2024,Intersession/Spring 2024
FBM,A280,Alexandra Yates,Intersession/Spring 2024,Fall 2026
FBM,A285,Eric Cohen,Fall 2023,Fall 2023
FILM,A100,Erik Forssell,Intersession/Spring 2023,Fall 2026
FILM,A100,Jamie Hitchings,Intersession/Spring 2023,Fall 2026
FILM,A100,Jared Nelson,Winter/Spring 2026,Fall 2026
FILM,A100,Saif Alsaegh,Intersession/Spring 2023,Fall 2026
FILM,A100,Stephen Valley,Intersession/Spring 2023,Fall 2026
FILM,A100,William Hall,Intersession/Spring 2023,Winter/Spring 2025
FILM,A100H,Jamie Hitchings,Intersession/Spring 2023,Fall 2026
FILM,A102,Matthew Martinez,Intersession/Spring 2023,Fall 2026
FILM,A104,Thomas Shimanek,Fall 2024,Fall 2026
FILM,A106,Lynda Tarryk,Fall 2026,Fall 2026
FILM,A106,Michael Tavildari,Winter/Spring 2026,Summer 2026
FILM,A106,Nirali Thakkar,Intersession/Spring 2023,Winter/Spring 2026
FILM,A107,Jamie Hitchings,Intersession/Spring 2023,Summer 2026
FILM,A107H,Jamie Hitchings,Intersession/Spring 2023,Winter/Spring 2026
FILM,A108,Matthew Martinez,Intersession/Spring 2023,Intersession/Spring 2024
FILM,A109,Jamie Hitchings,Fall 2023,Fall 2026
FILM,A109H,Jamie Hitchings,Fall 2023,Fall 2026
FILM,A110,Erik Forssell,Intersession/Spring 2023,Fall 2026
FILM,A110,John Hall,Intersession/Spring 2023,Fall 2026
FILM,A110,Matthew Newman,Winter/Spring 2026,Winter/Spring 2026
FILM,A110,Michael Tavildari,Fall 2025,Fall 2025
FILM,A110,Michel Tyabji,Intersession/Spring 2023,Winter/Spring 2025
FILM,A110,Michelle Rue,Fall 2025,Fall 2026
FILM,A110,Thomas Shimanek,Intersession/Spring 2023,Fall 2026
FILM,A113,Michel Tyabji,Fall 2024,Fall 2026
FILM,A117,Matthew Martinez,Fall 2024,Fall 2024
FILM,A150,Kevin OHara,Intersession/Spring 2023,Fall 2026
FILM,A151,Michael Carlucci,Fall 2023,Fall 2023
FILM,A155,Kevin OHara,Intersession/Spring 2023,Fall 2026
FILM,A193,Michel Tyabji,Intersession/Spring 2024,Winter/Spring 2026
FILM,A193,Vince Mesa,Intersession/Spring 2023,Fall 2026
FILM,A194,Jamie Hitchings,Winter/Spring 2025,Winter/Spring 2026
FILM,A194,Kevin OHara,Fall 2023,Fall 2026
FILM,A194,Matthew Newman,Intersession/Spring 2023,Fall 2026
FILM,A194,Michelle Rue,Intersession/Spring 2023,Fall 2026
FILM,A194,Saif Alsaegh,Intersession/Spring 2023,Fall 2026
FILM,A194,Thomas Shimanek,Intersession/Spring 2023,Intersession/Spring 2024
FILM,A196,Matthew Newman,Intersession/Spring 2023,Winter/Spring 2026
FILM,A198,Michelle Rue,Summer 2023,Summer 2026
FILM,A205,Kevin OHara,Intersession/Spring 2023,Winter/Spring 2026
FILM,A210,Thomas Shimanek,Summer 2025,Summer 2026
FILM,A219,Jamie Hitchings,Intersession/Spring 2023,Fall 2026
FILM,A220,Matthew Newman,Fall 2023,Fall 2025
FILM,A222,Matthew Newman,Intersession/Spring 2023,Fall 2026
FILM,A222,Tk Gorgonia,Intersession/Spring 2024,Winter/Spring 2025
FILM,A223,Matthew Newman,Intersession/Spring 2023,Fall 2026
FILM,A225,Vince Mesa,Summer 2023,Summer 2023
FILM,A226,Adam Tuliper,Fall 2023,Fall 2024
FILM,A231,Adam Tuliper,Intersession/Spring 2023,Intersession/Spring 2023
FILM,A231,Matthew Newman,Intersession/Spring 2024,Fall 2024
FILM,A234,Matthew Newman,Fall 2023,Fall 2025
FILM,A240,John Hall,Winter/Spring 2025,Fall 2026
FILM,A240,Michael Tavildari,Intersession/Spring 2023,Fall 2026
FILM,A253,Michael Tavildari,Winter/Spring 2025,Fall 2026
FILM,A261,Kevin OHara,Intersession/Spring 2023,Fall 2026
FILM,A262,Erik Forssell,Intersession/Spring 2023,Fall 2026
FILM,A264,Michelle Rue,Intersession/Spring 2023,Winter/Spring 2026
FILM,A265,Erik Forssell,Fall 2023,Fall 2026
FILM,A270,Erik Forssell,Intersession/Spring 2023,Winter/Spring 2026
FILM,A271,Erik Forssell,Summer 2023,Summer 2026
FN,A100,Elizabeth Blake,Fall 2023,Fall 2026
FN,A100,Verna Leahy,Intersession/Spring 2023,Winter/Spring 2026
FN,A125,Nancy Buchanan,Intersession/Spring 2023,Winter/Spring 2026
FN,A136,Kathryn Dyer,Intersession/Spring 2023,Intersession/Spring 2024
FN,A136,Michele Manarino,Fall 2024,Winter/Spring 2026
FN,A136,Verna Leahy,Intersession/Spring 2023,Fall 2026
FN,A140,Valerie Rodriquez,Intersession/Spring 2023,Fall 2026
FN,A140,Verna Leahy,Intersession/Spring 2023,Fall 2026
FN,A144,Elizabeth Blake,Fall 2023,Fall 2026
FN,A144,Lisa Hesse,Fall 2024,Fall 2024
FN,A170,Elizabeth Blake,Intersession/Spring 2023,Winter/Spring 2026
FN,A170,Kathryn Dyer,Intersession/Spring 2023,Intersession/Spring 2024
FN,A170,Lisa Hesse,Intersession/Spring 2023,Fall 2026
FN,A170,Michele Manarino,Fall 2024,Fall 2026
FN,A170,Verna Leahy,Intersession/Spring 2023,Fall 2026
FN,A171,Verna Leahy,Fall 2023,Fall 2026
FN,A180,Elizabeth Blake,Intersession/Spring 2023,Fall 2026
FN,A185,Nancy Buchanan,Fall 2023,Fall 2026
FN,A195,Anthony Silva,Intersession/Spring 2023,Fall 2026
FN,A286,Michelle Tu,Fall 2023,Winter/Spring 2026
FREN,A180,Lia Raileanu,Intersession/Spring 2023,Fall 2025
FREN,A180,Marie Anglin,Intersession/Spring 2023,Fall 2026
FREN,A180H,Lia Raileanu,Intersession/Spring 2023,Fall 2025
FREN,A185,Lia Raileanu,Intersession/Spring 2023,Fall 2025
FREN,A185,Marie Anglin,Intersession/Spring 2023,Winter/Spring 2026
FREN,A185H,Lia Raileanu,Intersession/Spring 2023,Fall 2025
FREN,A190,Lia Raileanu,Summer 2023,Summer 2023
FREN,A199,Lia Raileanu,Summer 2023,Summer 2023
FREN,A280,Lia Raileanu,Intersession/Spring 2023,Winter/Spring 2025
FREN,A280H,Lia Raileanu,Intersession/Spring 2023,Winter/Spring 2025
FREN,A285,Lia Raileanu,Intersession/Spring 2023,Winter/Spring 2025
FREN,A285H,Lia Raileanu,Intersession/Spring 2023,Winter/Spring 2025
FSM,A100,Sarah Dhillon,Intersession/Spring 2023,Intersession/Spring 2023
FSM,A150,Elizabeth Blake,Intersession/Spring 2023,Intersession/Spring 2023
FSM,A151,Amy Wilson,Intersession/Spring 2023,Intersession/Spring 2023
FSM,A160,Alexandra Yates,Summer 2023,Summer 2023
FSM,A160,Eric Cohen,Intersession/Spring 2023,Intersession/Spring 2023
FSM,A160,Jacqueline Larson,Intersession/Spring 2023,Intersession/Spring 2023
FSM,A187,Eric Cohen,Intersession/Spring 2023,Intersession/Spring 2023
FSM,A190,Amy Wilson,Intersession/Spring 2023,Intersession/Spring 2023
FSM,A190,Eric Cohen,Intersession/Spring 2023,Intersession/Spring 2023
FSM,A240,Barbara Cooper,Intersession/Spring 2023,Intersession/Spring 2023
FSM,A250,Sarah Dhillon,Intersession/Spring 2023,Intersession/Spring 2023
FSM,A260,Eric Cohen,Intersession/Spring 2023,Intersession/Spring 2023
FSM,A275,Michael Smith,Intersession/Spring 2023,Intersession/Spring 2023
FSM,A283,Eric Cohen,Intersession/Spring 2023,Intersession/Spring 2023
FSM,A285,Alexandra Yates,Intersession/Spring 2023,Fall 2023
GEOG,A100,Chris Quinn,Intersession/Spring 2023,Fall 2026
GEOG,A100,Heather Roberts,Fall 2026,Fall 2026
GEOG,A100,Irene Naesse,Intersession/Spring 2024,Fall 2026
GEOG,A100,Jaime Speed,Fall 2024,Fall 2025
GEOG,A100,Kirsten Berg,Fall 2023,Fall 2023
GEOG,A100,Lesley Surfas,Intersession/Spring 2023,Fall 2026
GEOG,A100H,Lesley Surfas,Fall 2023,Fall 2026
GEOG,A130,Chris Quinn,Winter/Spring 2025,Winter/Spring 2026
GEOG,A130,Michelle Haley,Intersession/Spring 2024,Intersession/Spring 2024
GEOG,A150,Chris Quinn,Fall 2025,Fall 2026
GEOG,A150,Michelle Haley,Fall 2023,Fall 2024
GEOG,A180,Chris Quinn,Fall 2023,Fall 2026
GEOG,A180,Irene Naesse,Fall 2023,Fall 2026
GEOG,A180,Jaime Speed,Intersession/Spring 2023,Summer 2026
GEOG,A180,Kirsten Berg,Intersession/Spring 2023,Fall 2023
GEOG,A180,Lesley Surfas,Intersession/Spring 2023,Fall 2026
GEOG,A180,Michelle Haley,Intersession/Spring 2023,Fall 2023
GEOG,A180H,Jaime Speed,Intersession/Spring 2023,Winter/Spring 2026
GEOG,A180L,Heather Roberts,Fall 2026,Fall 2026
GEOG,A180L,Jaime Speed,Intersession/Spring 2023,Summer 2026
GEOG,A180L,Kirsten Berg,Fall 2023,Fall 2026
GEOG,A180L,Lesley Surfas,Fall 2025,Fall 2025
GEOG,A180L,Michelle Haley,Fall 2026,Fall 2026
GEOG,A185,Irene Naesse,Fall 2023,Fall 2026
GEOG,A190,Heather Roberts,Winter/Spring 2026,Winter/Spring 2026
GEOG,A190,Jaime Speed,Intersession/Spring 2023,Winter/Spring 2025
GEOL,A105,Chris Berg,Intersession/Spring 2023,Fall 2026
GEOL,A105,Erik Bender,Intersession/Spring 2023,Fall 2026
GEOL,A105,Jessie McCraw,Fall 2026,Fall 2026
GEOL,A105,Mike Vanry,Fall 2025,Fall 2026
GEOL,A105,Taylor Kennedy,Fall 2025,Summer 2026
GEOL,A105H,Chris Berg,Fall 2025,Winter/Spring 2026
GEOL,A105H,Erik Bender,Intersession/Spring 2023,Fall 2026
GEOL,A105L,Chris Berg,Intersession/Spring 2023,Fall 2026
GEOL,A105L,Erik Bender,Intersession/Spring 2023,Summer 2026
GEOL,A105L,Mike Vanry,Fall 2025,Fall 2026
GEOL,A105L,Taylor Kennedy,Fall 2025,Fall 2026
GEOL,A105M,Chris Berg,Fall 2025,Fall 2026
GEOL,A105M,Erik Bender,Intersession/Spring 2023,Winter/Spring 2025
GEOL,A105M,Mike Vanry,Winter/Spring 2026,Winter/Spring 2026
GEOL,A110,Chris Berg,Intersession/Spring 2023,Fall 2026
GEOL,A132,Chris Berg,Intersession/Spring 2023,Intersession/Spring 2023
GEOL,A132,Mike Vanry,Winter/Spring 2026,Winter/Spring 2026
GEOL,A134,Chris Berg,Summer 2026,Summer 2026
GEOL,A135,Chris Berg,Intersession/Spring 2024,Intersession/Spring 2024
GEOL,A136,Chris Berg,Fall 2023,Fall 2023
GEOL,A138,Chris Berg,Fall 2025,Fall 2025
GEOL,A139,Chris Berg,Fall 2024,Fall 2026
GEOL,A185,Chris Berg,Intersession/Spring 2023,Winter/Spring 2026
GEOL,A185H,Chris Berg,Intersession/Spring 2023,Winter/Spring 2026
GEOL,A185L,Chris Berg,Intersession/Spring 2023,Winter/Spring 2026
GEOL,A185M,Chris Berg,Intersession/Spring 2023,Winter/Spring 2026
GLST,A101,Alix Ziff,Intersession/Spring 2023,Fall 2026
GLST,A102,Alix Ziff,Intersession/Spring 2023,Fall 2025
GNDR,A100,Jessica Christian,Fall 2024,Fall 2026
GNDR,A100,Jessica-Ayo Alabi,Intersession/Spring 2023,Winter/Spring 2025
GNDR,A130,Jessica Christian,Intersession/Spring 2023,Winter/Spring 2026
GNDR,A165,Mandy Ream,Intersession/Spring 2023,Fall 2026
GRMN,A180,Franz Kuzay,Intersession/Spring 2023,Winter/Spring 2026
GRMN,A185,Franz Kuzay,Intersession/Spring 2023,Winter/Spring 2025
HIST,A101,Jimmy Kirby,Intersession/Spring 2024,Intersession/Spring 2024
HIST,A101,Lawrence Smith,Intersession/Spring 2023,Intersession/Spring 2023
HIST,A144,Jordan Stanton,Fall 2025,Fall 2026
HIST,A145,Jordan Stanton,Fall 2023,Winter/Spring 2026
HIST,A150,Jordan Stanton,Intersession/Spring 2023,Intersession/Spring 2023
HIST,A161,Jared Harrington,Intersession/Spring 2023,Fall 2026
HIST,A161,Jordan Stanton,Intersession/Spring 2023,Fall 2026
HIST,A161,Sif Goodale,Intersession/Spring 2023,Fall 2026
HIST,A161H,Jordan Stanton,Intersession/Spring 2023,Fall 2025
HIST,A162,Jared Harrington,Intersession/Spring 2023,Intersession/Spring 2024
HIST,A162,Jordan Stanton,Intersession/Spring 2023,Fall 2026
HIST,A162H,Jordan Stanton,Intersession/Spring 2024,Intersession/Spring 2024
HIST,A170,Bradley Lucier,Intersession/Spring 2023,Fall 2025
HIST,A170,Brent Rudmann,Intersession/Spring 2023,Fall 2026
HIST,A170,David Okonyan,Intersession/Spring 2023,Fall 2026
HIST,A170,Jared Harrington,Winter/Spring 2026,Winter/Spring 2026
HIST,A170,Jessica Christian,Intersession/Spring 2023,Intersession/Spring 2024
HIST,A170,John Merlo,Fall 2026,Fall 2026
HIST,A170,Jon Mochizuki,Intersession/Spring 2023,Fall 2026
HIST,A170,Maria Do,Intersession/Spring 2023,Intersession/Spring 2024
HIST,A170,Mark Wishon,Intersession/Spring 2024,Winter/Spring 2026
HIST,A170,Melissa Broox,Intersession/Spring 2023,Fall 2026
HIST,A170,Michael Wilson,Intersession/Spring 2023,Fall 2026
HIST,A170,Susan Nguyen,Intersession/Spring 2023,Winter/Spring 2026
HIST,A170H,Jon Mochizuki,Fall 2023,Fall 2026
HIST,A175,Bradley Lucier,Intersession/Spring 2023,Winter/Spring 2026
HIST,A175,David Okonyan,Fall 2023,Fall 2026
HIST,A175,Jared Harrington,Fall 2023,Fall 2026
HIST,A175,Jessica Christian,Intersession/Spring 2024,Intersession/Spring 2024
HIST,A175,John Merlo,Intersession/Spring 2023,Fall 2026
HIST,A175,Jon Mochizuki,Intersession/Spring 2023,Fall 2026
HIST,A175,Lawrence Smith,Intersession/Spring 2023,Intersession/Spring 2023
HIST,A175,Mark Wishon,Intersession/Spring 2023,Fall 2026
HIST,A175,Melissa Broox,Intersession/Spring 2023,Fall 2026
HIST,A175,Michael Wilson,Intersession/Spring 2023,Winter/Spring 2026
HIST,A175,Sif Goodale,Intersession/Spring 2023,Fall 2026
HIST,A175,Stacy Kiser,Intersession/Spring 2023,Fall 2026
HIST,A175,Susan Nguyen,Intersession/Spring 2023,Fall 2026
HIST,A175H,Jon Mochizuki,Intersession/Spring 2023,Winter/Spring 2026
HIST,A176,Jessica Christian,Fall 2023,Fall 2026
HIST,A180,Brent Rudmann,Fall 2023,Fall 2026
HIST,A180,Mark Wishon,Intersession/Spring 2023,Winter/Spring 2026
HIST,A180H,Brent Rudmann,Fall 2023,Fall 2026
HIST,A185,Brent Rudmann,Intersession/Spring 2023,Winter/Spring 2026
HIST,A185,Mark Wishon,Fall 2023,Fall 2026
HIST,A185H,Brent Rudmann,Intersession/Spring 2023,Winter/Spring 2026
HIST,A187,Jessica Christian,Winter/Spring 2025,Winter/Spring 2026
HIST,A187,Maria Do,Intersession/Spring 2023,Intersession/Spring 2024
HIST,A195,Brent Rudmann,Intersession/Spring 2023,Winter/Spring 2026
HIST,A198,Brent Rudmann,Fall 2026,Fall 2026
HLED,A100,Anna Hanlon,Intersession/Spring 2023,Summer 2024
HLED,A100,Diane Brown,Intersession/Spring 2023,Fall 2024
HLED,A100,Georgia Halkia,Fall 2023,Fall 2023
HLED,A100,Guido Sendowsky,Summer 2023,Summer 2023
HLED,A100,Theresa Duong,Intersession/Spring 2023,Fall 2023
HLED,A122,Diane Brown,Intersession/Spring 2023,Fall 2024
HLED,A160,Diane Brown,Intersession/Spring 2023,Fall 2024
HLED,A200,Anna Hanlon,Intersession/Spring 2024,Fall 2024
HLED,A200,Diane Brown,Intersession/Spring 2024,Summer 2024
HLED,A200,Georgia Halkia,Intersession/Spring 2023,Fall 2024
HLED,A260,Diane Brown,Intersession/Spring 2023,Fall 2024
HLED,A270,Cameron Brown,Fall 2023,Fall 2024
HLED,A270,Laura Behr,Intersession/Spring 2023,Fall 2023
HLED,A270,Sammy Doucette,Intersession/Spring 2023,Fall 2024
HORT,A100,Alex Reyes-Gonzalez,Fall 2025,Fall 2025
HORT,A100,Lori Pullman,Intersession/Spring 2023,Winter/Spring 2025
HORT,A100,Rick Harlow,Intersession/Spring 2023,Fall 2026
HORT,A101,Lori Pullman,Summer 2023,Winter/Spring 2025
HORT,A105,Rick Harlow,Fall 2023,Fall 2026
HORT,A109,Alex Reyes-Gonzalez,Fall 2025,Fall 2026
HORT,A109,Lori Pullman,Fall 2023,Fall 2024
HORT,A111,Sean Goodwin,Fall 2025,Fall 2025
HORT,A115,Lori Pullman,Fall 2023,Winter/Spring 2025
HORT,A116,Lori Pullman,Intersession/Spring 2023,Fall 2024
HORT,A116,Sean Goodwin,Summer 2026,Summer 2026
HORT,A146,Alex Reyes-Gonzalez,Winter/Spring 2026,Winter/Spring 2026
HORT,A150,Rick Harlow,Intersession/Spring 2023,Winter/Spring 2025
HORT,A151,Rick Harlow,Fall 2023,Fall 2026
HORT,A170,Rick Harlow,Winter/Spring 2025,Winter/Spring 2025
HORT,A181,Rick Harlow,Fall 2023,Fall 2026
HORT,A182,Rick Harlow,Intersession/Spring 2023,Winter/Spring 2026
HORT,A183,Rick Harlow,Intersession/Spring 2023,Winter/Spring 2026
HORT,A184,Rick Harlow,Fall 2023,Fall 2026
HORT,A185,Christopher Shogren,Fall 2025,Fall 2025
HORT,A186,Christopher Shogren,Winter/Spring 2026,Winter/Spring 2026
HORT,A186,Rick Harlow,Intersession/Spring 2024,Intersession/Spring 2024
HORT,A189,Rick Harlow,Winter/Spring 2025,Winter/Spring 2025
HORT,A190,Lori Pullman,Intersession/Spring 2023,Winter/Spring 2025
HORT,A191,Alex Reyes-Gonzalez,Winter/Spring 2025,Winter/Spring 2026
HORT,A191,Joseph Stead,Intersession/Spring 2023,Intersession/Spring 2024
HORT,A200,Lori Pullman,Intersession/Spring 2024,Intersession/Spring 2024
HORT,A283,Lori Pullman,Intersession/Spring 2023,Intersession/Spring 2023
HORT,A285,Lori Pullman,Fall 2023,Intersession/Spring 2024
HORT,A285,Sean Goodwin,Winter/Spring 2026,Winter/Spring 2026
HORT,A286,Lori Pullman,Fall 2024,Fall 2024
HORT,A286,Sean Goodwin,Fall 2026,Fall 2026
HORT,A287,Lori Pullman,Intersession/Spring 2024,Winter/Spring 2025
HORT,A287,Sean Goodwin,Fall 2026,Fall 2026
HORT,A288,Rick Harlow,Intersession/Spring 2024,Winter/Spring 2026
HORT,A289,Rick Harlow,Intersession/Spring 2024,Winter/Spring 2026
HORT,A297,Lori Pullman,Intersession/Spring 2023,Intersession/Spring 2023
HTT,A003N,Rich Estes,Intersession/Spring 2024,Fall 2026
HTT,A105,Tina DeShano,Intersession/Spring 2023,Fall 2026
HTT,A110,Kevan White,Fall 2023,Fall 2025
HTT,A118,Rich Estes,Intersession/Spring 2023,Fall 2025
HTT,A125,Katherine Collette,Intersession/Spring 2024,Winter/Spring 2026
HTT,A125,Shannon Keany,Intersession/Spring 2023,Intersession/Spring 2023
HTT,A127,Katherine Collette,Fall 2023,Fall 2026
HTT,A128,Katherine Collette,Intersession/Spring 2024,Winter/Spring 2026
HTT,A128,Kevan White,Intersession/Spring 2023,Intersession/Spring 2023
HTT,A130,Kevan White,Fall 2023,Fall 2026
HTT,A131,Tina DeShano,Intersession/Spring 2023,Fall 2026
HTT,A135,Tina DeShano,Intersession/Spring 2023,Winter/Spring 2026
HTT,A138,Katherine Collette,Fall 2023,Fall 2024
HTT,A140,Rich Estes,Intersession/Spring 2023,Winter/Spring 2025
HTT,A150,Rod Hurt,Fall 2023,Fall 2026
HTT,A157,Shannon Keany,Intersession/Spring 2023,Intersession/Spring 2024
HTT,A180,Rod Hurt,Intersession/Spring 2023,Fall 2026
HTT,A185,Katherine Collette,Winter/Spring 2025,Winter/Spring 2026
HTT,A185,Tina DeShano,Intersession/Spring 2023,Intersession/Spring 2024
HTT,A221,Tina DeShano,Intersession/Spring 2023,Fall 2026
HTT,A225,Tina DeShano,Intersession/Spring 2023,Fall 2026
HTT,A226,Tina DeShano,Intersession/Spring 2023,Fall 2026
HTT,A227,Tina DeShano,Intersession/Spring 2023,Fall 2026
HTT,A240,Katherine Collette,Fall 2025,Fall 2026
HTT,A240,Tina DeShano,Fall 2023,Fall 2024
HTT,A265,Shannon Keany,Fall 2023,Fall 2025
HTT,A266,Shannon Keany,Fall 2023,Fall 2025
HTT,A267,Rich Estes,Intersession/Spring 2024,Winter/Spring 2025
HTT,A270,Rich Estes,Intersession/Spring 2023,Intersession/Spring 2023
HTT,A274,Shannon Keany,Fall 2025,Fall 2025
HTT,A275,Shannon Keany,Fall 2025,Fall 2025
HTT,A277,Shannon Keany,Intersession/Spring 2024,Intersession/Spring 2024
HTT,A279,Tina DeShano,Intersession/Spring 2023,Intersession/Spring 2023
HTT,A284,Tina DeShano,Fall 2023,Fall 2026
HTT,A285,Shannon Keany,Intersession/Spring 2023,Winter/Spring 2025
HTT,A286,Rod Hurt,Intersession/Spring 2023,Winter/Spring 2025
HTT,A288,Kevan White,Intersession/Spring 2023,Winter/Spring 2025
HTT,A299,Sharon Little,Fall 2023,Fall 2025
HUM,A100,Charles Otwell,Intersession/Spring 2023,Winter/Spring 2025
HUM,A100,Jordan Stanton,Intersession/Spring 2023,Fall 2026
HVAC,A100,Matthew Denney,Intersession/Spring 2023,Fall 2026
HVAC,A101,Jacob Riddle,Intersession/Spring 2023,Fall 2026
HVAC,A102,Frank Andrade,Intersession/Spring 2023,Intersession/Spring 2023
HVAC,A102,Matthew Denney,Intersession/Spring 2023,Fall 2026
HVAC,A103,Jacob Riddle,Intersession/Spring 2023,Fall 2026
HVAC,A104,Jacob Riddle,Intersession/Spring 2023,Winter/Spring 2026
HVAC,A104,Oscar Aparicio,Winter/Spring 2026,Winter/Spring 2026
HVAC,A104,Skip Hicks,Intersession/Spring 2023,Winter/Spring 2025
HVAC,A105,Jacob Riddle,Fall 2023,Fall 2026
HVAC,A105,Matthew Denney,Intersession/Spring 2023,Summer 2026
HVAC,A106,Oscar Aparicio,Fall 2026,Fall 2026
HVAC,A106,Skip Hicks,Fall 2023,Fall 2025
HVAC,A110,Jacob Riddle,Fall 2023,Fall 2026
HVAC,A110,Oscar Aparicio,Intersession/Spring 2023,Intersession/Spring 2023
HVAC,A111,Matthew Denney,Fall 2023,Fall 2026
HVAC,A112,Jacob Riddle,Summer 2025,Fall 2026
HVAC,A140,Oscar Aparicio,Intersession/Spring 2023,Fall 2026
ID,A001N,Charlene Reed,Winter/Spring 2025,Fall 2026
ID,A002N,Charlene Reed,Winter/Spring 2026,Fall 2026
ID,A003N,Charlene Reed,Fall 2026,Fall 2026
ID,A050,Charlene Reed,Intersession/Spring 2023,Intersession/Spring 2023
ID,A100,Christian Bartlett,Fall 2023,Fall 2024
ID,A100,Christy Arakaki,Intersession/Spring 2023,Fall 2026
ID,A100,Ian Noonan,Winter/Spring 2025,Fall 2026
ID,A100,Maria Allgood,Summer 2023,Fall 2026
ID,A100,Renee Kubiak,Intersession/Spring 2023,Intersession/Spring 2024
ID,A105,Christy Arakaki,Fall 2023,Fall 2026
ID,A105,Janet Baker,Fall 2023,Fall 2026
ID,A105,Renee Kubiak,Intersession/Spring 2023,Intersession/Spring 2024
ID,A110,John Secor,Intersession/Spring 2023,Fall 2026
ID,A110,Maria Allgood,Intersession/Spring 2023,Fall 2026
ID,A120,Christine Peter,Fall 2024,Fall 2026
ID,A120,Christy Arakaki,Intersession/Spring 2023,Intersession/Spring 2024
ID,A120,Janet Baker,Summer 2023,Summer 2023
ID,A130,Charlene Reed,Intersession/Spring 2023,Fall 2026
ID,A150,Ian Noonan,Fall 2024,Fall 2026
ID,A150,Patricia Secor,Intersession/Spring 2023,Intersession/Spring 2023
ID,A150,Rachelle Kiklowicz,Fall 2023,Intersession/Spring 2024
ID,A170,John Secor,Fall 2023,Fall 2026
ID,A170,Maria Allgood,Intersession/Spring 2023,Winter/Spring 2026
ID,A175,Christy Arakaki,Fall 2026,Fall 2026
ID,A175,Lauren Becker,Intersession/Spring 2023,Summer 2026
ID,A180,Carrie Moore,Intersession/Spring 2023,Fall 2026
ID,A190,Carrie Moore,Intersession/Spring 2023,Fall 2026
ID,A199,Janet Baker,Intersession/Spring 2023,Intersession/Spring 2023
ID,A200,Christine Marcin,Fall 2023,Fall 2023
ID,A200,Dustan Baker,Fall 2024,Fall 2026
ID,A210,Janet Baker,Fall 2023,Fall 2026
ID,A215,Charlene Reed,Intersession/Spring 2023,Fall 2026
ID,A220,John Secor,Intersession/Spring 2023,Winter/Spring 2026
ID,A230,Maria Allgood,Intersession/Spring 2024,Intersession/Spring 2024
ID,A230,Patricia Secor,Intersession/Spring 2023,Winter/Spring 2026
ID,A240,Christine Peter,Winter/Spring 2025,Fall 2026
ID,A240,Janet Baker,Intersession/Spring 2023,Summer 2026
ID,A245,Janet Baker,Intersession/Spring 2023,Winter/Spring 2026
ID,A250,Charlene Reed,Fall 2023,Fall 2023
ID,A250,Maria Allgood,Fall 2024,Fall 2026
ID,A260,Charlene Reed,Intersession/Spring 2023,Fall 2026
ID,A265,Charlene Reed,Intersession/Spring 2023,Fall 2026
ID,A280,Rachelle Kiklowicz,Intersession/Spring 2023,Intersession/Spring 2023
ID,A285,Rachelle Kiklowicz,Intersession/Spring 2024,Intersession/Spring 2024
ID,A290,Charlene Reed,Fall 2023,Fall 2026
ID,A290,Janet Baker,Intersession/Spring 2023,Winter/Spring 2025
IMVR,A120,Matthew Newman,Fall 2024,Fall 2025
IMVR,A130,Matthew Newman,Winter/Spring 2026,Winter/Spring 2026
IMVR,A210,Adam Tuliper,Fall 2024,Fall 2024
INHL,A100,Ashley McKeachie,Fall 2023,Fall 2023
INHL,A115,Laura Behr,Intersession/Spring 2024,Intersession/Spring 2024
INHL,A200,Liz Barnett,Intersession/Spring 2023,Intersession/Spring 2024
INHL,A210,Georgia Halkia,Intersession/Spring 2023,Intersession/Spring 2023
INHL,A220,Diane Brown,Fall 2023,Fall 2023
INHL,A225,Prasad Vinjamury,Intersession/Spring 2023,Intersession/Spring 2024
INHL,A250,Diane Brown,Fall 2023,Fall 2023
INHL,A250,Georgia Halkia,Summer 2023,Fall 2024
IT,A110,Jared Baker,Intersession/Spring 2023,Intersession/Spring 2024
IT,A191,Patrick Nerad,Intersession/Spring 2023,Winter/Spring 2025
ITAL,A180,Franca Hamber,Intersession/Spring 2023,Fall 2026
ITAL,A185,Franca Hamber,Intersession/Spring 2023,Summer 2025
ITAL,A280,Franca Hamber,Summer 2023,Summer 2023
ITAL,A285,Franca Hamber,Summer 2023,Summer 2023
JAPN,A180,Akemi Kagawa,Intersession/Spring 2023,Fall 2026
JAPN,A180,Manami Ito,Intersession/Spring 2023,Fall 2026
JAPN,A180,Tomoko Larsen,Intersession/Spring 2023,Fall 2024
JAPN,A180H,Akemi Kagawa,Intersession/Spring 2023,Fall 2026
JAPN,A185,Akemi Kagawa,Intersession/Spring 2023,Fall 2026
JAPN,A185H,Akemi Kagawa,Intersession/Spring 2023,Fall 2026
JAPN,A280,Akemi Kagawa,Fall 2023,Fall 2024
JAPN,A285,Akemi Kagawa,Fall 2023,Fall 2024
JOUR,A110,Amy Taxin,Fall 2026,Fall 2026
JOUR,A110,Jeremy Shermak,Intersession/Spring 2023,Intersession/Spring 2023
JOUR,A110,Joel Beers,Intersession/Spring 2024,Intersession/Spring 2024
JOUR,A110,John Davis,Fall 2023,Winter/Spring 2026
JOUR,A110,Nguyet Thomas,Fall 2023,Intersession/Spring 2024
JOUR,A110,Tony Dodero,Fall 2026,Fall 2026
JOUR,A113,Jeremy Shermak,Intersession/Spring 2023,Intersession/Spring 2023
JOUR,A113,Joel Beers,Intersession/Spring 2024,Intersession/Spring 2024
JOUR,A113,John Davis,Fall 2023,Winter/Spring 2026
JOUR,A115,Don Jergler,Fall 2026,Fall 2026
JOUR,A115,Jeremy Shermak,Intersession/Spring 2023,Intersession/Spring 2023
JOUR,A115,Joel Beers,Fall 2023,Fall 2023
JOUR,A115,John Davis,Intersession/Spring 2024,Winter/Spring 2026
JOUR,A116,Marc Martin,Intersession/Spring 2023,Intersession/Spring 2024
JOUR,A116,Nguyet Thomas,Fall 2024,Fall 2026
JOUR,A117,Gustavo Arellano,Intersession/Spring 2023,Fall 2024
JOUR,A123,Jeremy Shermak,Intersession/Spring 2023,Intersession/Spring 2023
JOUR,A123,Joel Beers,Intersession/Spring 2024,Intersession/Spring 2024
JOUR,A123,John Davis,Fall 2023,Fall 2023
JOUR,A125,Don Jergler,Fall 2026,Fall 2026
JOUR,A125,Jeremy Shermak,Intersession/Spring 2023,Intersession/Spring 2023
JOUR,A125,Joel Beers,Fall 2023,Fall 2023
JOUR,A125,John Davis,Intersession/Spring 2024,Winter/Spring 2026
JOUR,A133,Jeremy Shermak,Intersession/Spring 2023,Intersession/Spring 2023
JOUR,A133,Joel Beers,Intersession/Spring 2024,Intersession/Spring 2024
JOUR,A133,John Davis,Fall 2023,Fall 2023
JOUR,A135,Don Jergler,Fall 2026,Fall 2026
JOUR,A135,Jeremy Shermak,Intersession/Spring 2023,Intersession/Spring 2023
JOUR,A135,Joel Beers,Fall 2023,Fall 2023
JOUR,A135,John Davis,Intersession/Spring 2024,Winter/Spring 2026
JOUR,A143,Jeremy Shermak,Intersession/Spring 2023,Intersession/Spring 2023
JOUR,A143,Joel Beers,Intersession/Spring 2024,Intersession/Spring 2024
JOUR,A143,John Davis,Fall 2023,Fall 2023
JOUR,A145,Don Jergler,Fall 2026,Fall 2026
JOUR,A145,Jeremy Shermak,Intersession/Spring 2023,Intersession/Spring 2023
JOUR,A145,Joel Beers,Fall 2023,Fall 2023
JOUR,A145,John Davis,Intersession/Spring 2024,Winter/Spring 2026
JOUR,A185,Marc Martin,Intersession/Spring 2023,Intersession/Spring 2024
JOUR,A185,Nguyet Thomas,Fall 2024,Fall 2026
JOUR,A215,Don Jergler,Fall 2026,Fall 2026
JOUR,A215,Jeremy Shermak,Intersession/Spring 2023,Intersession/Spring 2023
JOUR,A215,Joel Beers,Fall 2023,Fall 2023
JOUR,A215,John Davis,Intersession/Spring 2024,Winter/Spring 2026
JOUR,A225,Don Jergler,Fall 2026,Fall 2026
JOUR,A225,Jeremy Shermak,Intersession/Spring 2023,Intersession/Spring 2023
JOUR,A225,Joel Beers,Fall 2023,Fall 2023
JOUR,A225,John Davis,Intersession/Spring 2024,Winter/Spring 2026
JOUR,A235,Don Jergler,Fall 2026,Fall 2026
JOUR,A235,Jeremy Shermak,Intersession/Spring 2023,Intersession/Spring 2023
JOUR,A235,Joel Beers,Fall 2023,Fall 2023
JOUR,A235,John Davis,Intersession/Spring 2024,Winter/Spring 2026
JOUR,A245,Don Jergler,Fall 2026,Fall 2026
JOUR,A245,Jeremy Shermak,Intersession/Spring 2023,Intersession/Spring 2023
JOUR,A245,Joel Beers,Fall 2023,Fall 2023
JOUR,A245,John Davis,Intersession/Spring 2024,Winter/Spring 2026
KIN,A001N,Daniel Matulis,Summer 2023,Summer 2026
KIN,A002N,Daniel Matulis,Summer 2023,Summer 2026
KIN,A102,Anna Hanlon,Fall 2026,Fall 2026
KIN,A102,Christy Brown,Winter/Spring 2026,Winter/Spring 2026
KIN,A102,Guido Sendowsky,Fall 2023,Fall 2026
KIN,A102,Jennifer Elias,Summer 2026,Summer 2026
KIN,A102,Jennifer Rafferty,Summer 2025,Summer 2026
KIN,A102,Ljiljana Novkovic,Fall 2025,Fall 2026
KIN,A102,Pamela Ratzlaff,Fall 2025,Fall 2026
KIN,A102,Rana najjar Najjar,Summer 2026,Summer 2026
KIN,A102,Raymond Ranada,Fall 2026,Fall 2026
KIN,A102,Tabitha Liang,Summer 2025,Winter/Spring 2026
KIN,A102,Tierney Loveland-Grace,Winter/Spring 2026,Fall 2026
KIN,A105,Aaron Arias,Summer 2024,Summer 2024
KIN,A105,Chris Ketcham,Summer 2024,Summer 2024
KIN,A105,Chuck Cutenese,Summer 2024,Summer 2024
KIN,A105,Glenn Strachan,Summer 2024,Summer 2024
KIN,A105,Jennifer Williams,Fall 2024,Fall 2024
KIN,A105,Joel Gonzalez,Summer 2024,Summer 2024
KIN,A105,Sammy Doucette,Summer 2024,Summer 2024
KIN,A105,Steven Spencer,Intersession/Spring 2023,Fall 2026
KIN,A106,Jennifer Williams,Fall 2024,Fall 2024
KIN,A106,Jodie Legaspi,Fall 2025,Fall 2025
KIN,A106,Joel Gonzalez,Winter/Spring 2026,Fall 2026
KIN,A106,Nathan Johnson,Intersession/Spring 2023,Fall 2026
KIN,A106,Steven Spencer,Intersession/Spring 2023,Fall 2026
KIN,A106,Twin Fernandes,Summer 2025,Summer 2025
KIN,A109,Cameron Brown,Fall 2024,Fall 2025
KIN,A109,Laura Behr,Intersession/Spring 2023,Intersession/Spring 2024
KIN,A110,Joel Gonzalez,Intersession/Spring 2023,Fall 2026
KIN,A114,Courtney Tarango,Fall 2023,Fall 2026
KIN,A114,Sydney Sprinkle,Winter/Spring 2026,Winter/Spring 2026
KIN,A115,Chris Ketcham,Summer 2025,Summer 2026
KIN,A115,Chuck Cutenese,Summer 2025,Summer 2025
KIN,A115,Evan Cain,Summer 2025,Summer 2026
KIN,A115,Glenn Strachan,Summer 2025,Summer 2025
KIN,A115,Jamaal Lee,Summer 2026,Summer 2026
KIN,A115,Jennifer Williams,Fall 2025,Fall 2026
KIN,A115,Joel Gonzalez,Summer 2025,Summer 2025
KIN,A115,Kevin Smith,Summer 2026,Summer 2026
KIN,A115,Sammy Doucette,Summer 2025,Summer 2025
KIN,A119,Cameron Brown,Fall 2024,Fall 2025
KIN,A119,Laura Behr,Intersession/Spring 2023,Intersession/Spring 2024
KIN,A124,Courtney Tarango,Winter/Spring 2026,Winter/Spring 2026
KIN,A124,Jodie Legaspi,Fall 2026,Fall 2026
KIN,A124,Sammy Doucette,Fall 2024,Fall 2025
KIN,A125,Jennifer Williams,Intersession/Spring 2023,Winter/Spring 2025
KIN,A128,Courtney Tarango,Winter/Spring 2026,Winter/Spring 2026
KIN,A128,Heather Pecora,Intersession/Spring 2023,Fall 2026
KIN,A128,Sammy Doucette,Intersession/Spring 2023,Fall 2025
KIN,A131,Anthony Iacopetti,Fall 2023,Fall 2026
KIN,A131,Daniel Matulis,Intersession/Spring 2023,Winter/Spring 2025
KIN,A131,Geza Futo Tendai,Fall 2024,Fall 2025
KIN,A132,Anthony Iacopetti,Intersession/Spring 2023,Fall 2026
KIN,A132,Daniel Matulis,Fall 2025,Fall 2025
KIN,A132,Geza Futo Tendai,Fall 2023,Winter/Spring 2026
KIN,A136,Debbie Dunne,Intersession/Spring 2023,Fall 2026
KIN,A137,Debbie Dunne,Intersession/Spring 2023,Fall 2026
KIN,A137,Karen Prioleau,Fall 2023,Fall 2025
KIN,A141,Laird Hayes,Intersession/Spring 2023,Fall 2026
KIN,A142,Guido Sendowsky,Intersession/Spring 2024,Winter/Spring 2025
KIN,A143,Guido Sendowsky,Intersession/Spring 2024,Winter/Spring 2025
KIN,A145,Chris Ketcham,Intersession/Spring 2023,Fall 2026
KIN,A146,Steven Spencer,Intersession/Spring 2023,Fall 2026
KIN,A147,Nathan Johnson,Fall 2023,Fall 2023
KIN,A148,Chris Ketcham,Intersession/Spring 2024,Fall 2026
KIN,A148,Kevin Smith,Winter/Spring 2026,Winter/Spring 2026
KIN,A150,Sammy Doucette,Intersession/Spring 2023,Fall 2025
KIN,A150,Steven Spencer,Fall 2023,Fall 2026
KIN,A151,Glenn Strachan,Intersession/Spring 2023,Winter/Spring 2026
KIN,A152,Darin Dunn,Intersession/Spring 2024,Fall 2026
KIN,A152,Glenn Strachan,Intersession/Spring 2023,Intersession/Spring 2023
KIN,A152,James Lawson,Fall 2023,Fall 2023
KIN,A154,Amber McCarthy,Intersession/Spring 2023,Intersession/Spring 2023
KIN,A154,Chuck Cutenese,Fall 2023,Fall 2025
KIN,A154,Stella Berkebile,Winter/Spring 2026,Fall 2026
KIN,A156,Kevin Smith,Intersession/Spring 2023,Fall 2026
KIN,A158,Joel Gonzalez,Intersession/Spring 2023,Winter/Spring 2025
KIN,A170,Heather Pecora,Intersession/Spring 2023,Fall 2026
KIN,A170,Jennifer Williams,Intersession/Spring 2024,Winter/Spring 2026
KIN,A172,Heather Pecora,Intersession/Spring 2023,Fall 2026
KIN,A172,Jennifer Williams,Fall 2023,Fall 2026
KIN,A173,Heather Pecora,Intersession/Spring 2023,Fall 2026
KIN,A174,Jennifer Williams,Intersession/Spring 2023,Fall 2026
KIN,A177,Heather Pecora,Intersession/Spring 2023,Fall 2026
KIN,A202,Chris Ketcham,Intersession/Spring 2023,Fall 2026
KIN,A202,Daniel Matulis,Summer 2026,Summer 2026
KIN,A202,Guido Sendowsky,Intersession/Spring 2023,Winter/Spring 2026
KIN,A202,Jodie Legaspi,Intersession/Spring 2023,Fall 2026
KIN,A203,Jennifer Williams,Fall 2023,Fall 2023
KIN,A203,Nathan Johnson,Intersession/Spring 2023,Fall 2026
KIN,A203,Sammy Doucette,Intersession/Spring 2023,Winter/Spring 2025
KIN,A204,Cameron Brown,Intersession/Spring 2023,Fall 2026
KIN,A205,Kevin Smith,Intersession/Spring 2024,Summer 2026
KIN,A206,Jennifer Williams,Fall 2024,Fall 2024
KIN,A206,Jodie Legaspi,Fall 2025,Fall 2025
KIN,A206,Joel Gonzalez,Winter/Spring 2026,Fall 2026
KIN,A206,Nathan Johnson,Intersession/Spring 2023,Fall 2026
KIN,A206,Steven Spencer,Intersession/Spring 2023,Fall 2026
KIN,A206,Twin Fernandes,Summer 2025,Summer 2025
KIN,A210,Joel Gonzalez,Intersession/Spring 2023,Fall 2026
KIN,A214,Courtney Tarango,Fall 2023,Fall 2026
KIN,A214,Sydney Sprinkle,Winter/Spring 2026,Winter/Spring 2026
KIN,A215,Chris Ketcham,Summer 2026,Summer 2026
KIN,A215,Evan Cain,Summer 2026,Summer 2026
KIN,A215,Jamaal Lee,Summer 2026,Summer 2026
KIN,A215,Jennifer Williams,Fall 2026,Fall 2026
KIN,A215,Kevin Smith,Summer 2026,Summer 2026
KIN,A225,Jennifer Williams,Winter/Spring 2025,Winter/Spring 2025
KIN,A228,Ashley McKeachie,Intersession/Spring 2023,Winter/Spring 2025
KIN,A228,Pamela Gressier,Fall 2025,Fall 2026
KIN,A228,Paul Burns,Winter/Spring 2026,Winter/Spring 2026
KIN,A228,Stephanie Hodge,Fall 2023,Fall 2023
KIN,A231,Anthony Iacopetti,Fall 2023,Fall 2026
KIN,A231,Daniel Matulis,Intersession/Spring 2023,Winter/Spring 2025
KIN,A231,Geza Futo Tendai,Fall 2024,Fall 2025
KIN,A232,Anthony Iacopetti,Intersession/Spring 2023,Fall 2026
KIN,A232,Daniel Matulis,Fall 2025,Fall 2025
KIN,A232,Geza Futo Tendai,Fall 2023,Winter/Spring 2026
KIN,A241,Laird Hayes,Intersession/Spring 2023,Fall 2026
KIN,A245,Chris Ketcham,Intersession/Spring 2023,Fall 2026
KIN,A246,Steven Spencer,Intersession/Spring 2023,Fall 2026
KIN,A247,Nathan Johnson,Fall 2023,Fall 2023
KIN,A251,Glenn Strachan,Intersession/Spring 2023,Winter/Spring 2026
KIN,A252,Darin Dunn,Intersession/Spring 2024,Fall 2026
KIN,A252,Glenn Strachan,Intersession/Spring 2023,Intersession/Spring 2023
KIN,A252,James Lawson,Fall 2023,Fall 2023
KIN,A254,Amber McCarthy,Intersession/Spring 2023,Intersession/Spring 2023
KIN,A254,Chuck Cutenese,Fall 2023,Fall 2025
KIN,A254,Stella Berkebile,Winter/Spring 2026,Fall 2026
KIN,A256,Kevin Smith,Intersession/Spring 2023,Fall 2026
KIN,A257,Laird Hayes,Winter/Spring 2025,Fall 2026
KIN,A258,Joel Gonzalez,Intersession/Spring 2023,Winter/Spring 2025
KIN,A270,Cameron Brown,Fall 2023,Summer 2026
KIN,A270,Courtney Tarango,Winter/Spring 2026,Fall 2026
KIN,A270,Daniel Matulis,Winter/Spring 2025,Winter/Spring 2026
KIN,A270,Laura Behr,Intersession/Spring 2023,Fall 2026
KIN,A270,Nathan Johnson,Fall 2025,Fall 2025
KIN,A270,Sammy Doucette,Intersession/Spring 2023,Fall 2025
KIN,A271,Joel Gonzalez,Fall 2023,Fall 2025
KIN,A272,Cameron Brown,Intersession/Spring 2023,Fall 2026
KIN,A273,Guido Sendowsky,Intersession/Spring 2023,Fall 2025
KIN,A274,Guido Sendowsky,Fall 2023,Fall 2024
KIN,A275,Guido Sendowsky,Intersession/Spring 2023,Fall 2026
KIN,A276,Guido Sendowsky,Intersession/Spring 2023,Fall 2026
KIN,A277,Guido Sendowsky,Intersession/Spring 2023,Fall 2026
KIN,A278,Guido Sendowsky,Intersession/Spring 2023,Fall 2026
KIN,A279,Jodie Legaspi,Intersession/Spring 2023,Fall 2025
KIN,A280,Courtney Tarango,Intersession/Spring 2023,Fall 2024
KIN,A280,Joel Gonzalez,Fall 2025,Fall 2026
KIN,A282,Aaron Volkoff,Winter/Spring 2026,Fall 2026
KIN,A282,Laura Behr,Intersession/Spring 2023,Winter/Spring 2025
KIN,A282H,Aaron Volkoff,Winter/Spring 2026,Fall 2026
KIN,A282H,Laura Behr,Fall 2023,Winter/Spring 2025
KIN,A283,Kathryn Dyer,Intersession/Spring 2023,Intersession/Spring 2024
KIN,A283,Michele Manarino,Fall 2024,Winter/Spring 2026
KIN,A283,Verna Leahy,Intersession/Spring 2023,Fall 2026
KIN,A284,Ashley McKeachie,Fall 2024,Fall 2024
KIN,A284,Paul Burns,Fall 2025,Fall 2026
KIN,A284,Stephanie Hodge,Fall 2023,Fall 2023
KIN,A285,Ashley McKeachie,Fall 2023,Fall 2024
KIN,A285,Stephanie Hodge,Fall 2025,Fall 2026
KIN,A286,Ashley McKeachie,Intersession/Spring 2023,Winter/Spring 2025
KIN,A286,Paul Burns,Winter/Spring 2026,Winter/Spring 2026
KIN,A287,Ashley McKeachie,Intersession/Spring 2023,Winter/Spring 2025
KIN,A287,Pamela Gressier,Winter/Spring 2026,Winter/Spring 2026
KIN,A288,Daniel Matulis,Winter/Spring 2026,Winter/Spring 2026
KIN,A288,Jennifer Williams,Intersession/Spring 2023,Fall 2026
KIN,A289,Daniel Matulis,Intersession/Spring 2023,Fall 2026
KIN,A296,Cameron Brown,Intersession/Spring 2023,Fall 2024
KIN,A296,Joel Gonzalez,Winter/Spring 2026,Winter/Spring 2026
KIN,A297,Cameron Brown,Winter/Spring 2025,Fall 2026
KIN,A297,Courtney Tarango,Intersession/Spring 2023,Fall 2024
KIN,A298,Cameron Brown,Winter/Spring 2026,Winter/Spring 2026
KIN,A298,Laura Behr,Intersession/Spring 2023,Fall 2026
LEAD,A180,Keith Krallman,Fall 2023,Fall 2026
LEAD,A200,Keith Krallman,Intersession/Spring 2024,Intersession/Spring 2024
LIBR,A100,Erin Gratz,Intersession/Spring 2023,Fall 2026
LIBR,A100H,Erin Gratz,Intersession/Spring 2023,Fall 2026
LIBR,A103,Lori Cassidy,Intersession/Spring 2023,Fall 2023
LIBR,A103,Sukena Taibjee,Intersession/Spring 2024,Fall 2026
LRNG,A001,Irving Chavez Jimenez,Intersession/Spring 2023,Intersession/Spring 2024
LRNG,A010,Kim Nguyen,Fall 2023,Intersession/Spring 2024
LRNG,A020,Amra Pepic Koubati,Fall 2023,Intersession/Spring 2024
LRNG,A020,Irving Chavez Jimenez,Fall 2024,Fall 2026
LRNG,A040,Amra Pepic Koubati,Fall 2024,Fall 2026
LRNG,A041N,Amra Pepic Koubati,Fall 2024,Fall 2026
LRNG,A050,Kim Nguyen,Fall 2024,Fall 2026
LRNG,A051N,Kim Nguyen,Fall 2024,Fall 2026
MA,A150,Anita Tapia,Fall 2023,Fall 2023
MA,A150,Clemente Reyes Rodriguez,Fall 2024,Fall 2026
MA,A175,Rana najjar Najjar,Fall 2023,Fall 2026
MA,A181,Rana najjar Najjar,Intersession/Spring 2023,Fall 2026
MA,A205,Anita Tapia,Intersession/Spring 2023,Winter/Spring 2025
MA,A205,Rana najjar Najjar,Intersession/Spring 2024,Winter/Spring 2026
MA,A281,Anita Tapia,Summer 2023,Summer 2023
MA,A281,Clemente Reyes Rodriguez,Winter/Spring 2025,Winter/Spring 2025
MA,A281,Rana najjar Najjar,Intersession/Spring 2024,Winter/Spring 2026
MA,A289,Rana najjar Najjar,Intersession/Spring 2023,Winter/Spring 2026
MACH,A100,Al Cervantes,Intersession/Spring 2023,Winter/Spring 2026
MACH,A100,Bill Black,Intersession/Spring 2023,Fall 2026
MACH,A100,Karl Henderson,Summer 2026,Fall 2026
MACH,A105,Karl Henderson,Intersession/Spring 2023,Fall 2026
MACH,A110,Al Cervantes,Intersession/Spring 2023,Winter/Spring 2026
MACH,A110,Jon Boomgarden,Winter/Spring 2025,Winter/Spring 2026
MACH,A110,Shawn Boeker,Fall 2026,Fall 2026
MACH,A115,Bill Black,Intersession/Spring 2023,Fall 2026
MACH,A120,Chuck Limsakoune,Intersession/Spring 2023,Fall 2026
MACH,A121,Rick Peyatt,Intersession/Spring 2023,Fall 2026
MACH,A122,Daniel Kreun,Intersession/Spring 2023,Intersession/Spring 2024
MACH,A125,Al Cervantes,Fall 2023,Winter/Spring 2026
MACH,A125,Daniel Kreun,Fall 2026,Fall 2026
MACH,A125,Karl Henderson,Intersession/Spring 2023,Intersession/Spring 2023
MACH,A126,Karl Henderson,Intersession/Spring 2023,Winter/Spring 2026
MACH,A130,Al Cervantes,Intersession/Spring 2023,Winter/Spring 2026
MACH,A130,Karl Henderson,Fall 2026,Fall 2026
MACH,A133,Karl Stickel,Intersession/Spring 2023,Fall 2026
MACH,A134,Karl Stickel,Intersession/Spring 2023,Fall 2026
MACH,A141,Karl Stickel,Fall 2023,Fall 2026
MACH,A142,Karl Stickel,Intersession/Spring 2023,Winter/Spring 2026
MACH,A146,Karl Stickel,Summer 2024,Summer 2026
MACH,A147,Karl Henderson,Summer 2023,Winter/Spring 2026
MACH,A148,Karl Henderson,Fall 2024,Fall 2026
MACH,A152,Jonathan Kikawa,Intersession/Spring 2023,Fall 2026
MACH,A158,Jon Boomgarden,Intersession/Spring 2023,Fall 2024
MACH,A175,Chuck Limsakoune,Summer 2023,Fall 2026
MACH,A190,Chuck Limsakoune,Intersession/Spring 2024,Winter/Spring 2026
MACH,A199,Karl Henderson,Fall 2023,Fall 2023
MACH,A200,Karl Henderson,Summer 2025,Summer 2025
MARA,A136,Debbie Dunne,Intersession/Spring 2023,Fall 2026
MARA,A137,Debbie Dunne,Intersession/Spring 2023,Fall 2026
MARA,A137,Karen Prioleau,Fall 2023,Fall 2025
MARA,A150,Debbie Dunne,Fall 2024,Fall 2025
MARA,A150,Karen Prioleau,Intersession/Spring 2023,Winter/Spring 2025
MARA,A150,Ron Mealey,Fall 2026,Fall 2026
MARA,A151,Debbie Dunne,Fall 2026,Fall 2026
MARA,A151,Karen Prioleau,Fall 2023,Fall 2025
MARA,A152,Debbie Dunne,Winter/Spring 2026,Winter/Spring 2026
MARA,A152,Karen Prioleau,Intersession/Spring 2023,Fall 2025
MARA,A153,Eric Stenderup,Winter/Spring 2026,Winter/Spring 2026
MARA,A153,Karen Prioleau,Intersession/Spring 2023,Fall 2025
MARA,A154,Debbie Dunne,Winter/Spring 2026,Winter/Spring 2026
MARA,A154,Karen Prioleau,Intersession/Spring 2023,Winter/Spring 2025
MARA,A156,Debbie Dunne,Fall 2026,Fall 2026
MARA,A156,Karen Prioleau,Fall 2023,Fall 2025
MARA,A157,Ron Mealey,Intersession/Spring 2023,Fall 2026
MARA,A200,Eric Stenderup,Winter/Spring 2026,Winter/Spring 2026
MARA,A200,Karen Prioleau,Intersession/Spring 2023,Fall 2025
MARA,A201,Eric Stenderup,Winter/Spring 2026,Winter/Spring 2026
MARA,A201,Karen Prioleau,Intersession/Spring 2023,Fall 2025
MARA,A215,Eric Stenderup,Fall 2025,Winter/Spring 2026
MARA,A215,Karen Prioleau,Fall 2023,Fall 2023
MARA,A215,Mitch Laughlin,Intersession/Spring 2024,Intersession/Spring 2024
MARA,A215,Ron Mealey,Fall 2024,Fall 2024
MARA,A215,Will Petway,Fall 2026,Fall 2026
MATH,A004N,Carly Gonzalez,Intersession/Spring 2023,Intersession/Spring 2023
MATH,A008,Carly Gonzalez,Intersession/Spring 2023,Intersession/Spring 2023
MATH,A008,Tatyana Shirman,Intersession/Spring 2023,Intersession/Spring 2023
MATH,A010,THINH Sam,Intersession/Spring 2023,Intersession/Spring 2023
MATH,A030,Carly Gonzalez,Intersession/Spring 2023,Intersession/Spring 2023
MATH,A030,Debbie Raskin,Intersession/Spring 2023,Intersession/Spring 2023
MATH,A030,Naoko Maekawa,Intersession/Spring 2023,Intersession/Spring 2023
MATH,A030,Scott Northrup,Summer 2023,Summer 2023
MATH,A030,Syed Hussain,Summer 2023,Summer 2023
MATH,A030,THINH Sam,Intersession/Spring 2023,Intersession/Spring 2023
MATH,A045,Carly Gonzalez,Intersession/Spring 2023,Intersession/Spring 2023
MATH,A060N,Carly Gonzalez,Fall 2024,Fall 2026
MATH,A060N,Syed Hussain,Summer 2025,Summer 2026
MATH,A061N,Carly Gonzalez,Fall 2024,Fall 2026
MATH,A061N,Syed Hussain,Summer 2025,Summer 2026
MATH,A062N,Carly Gonzalez,Fall 2024,Fall 2026
MATH,A062N,Syed Hussain,Summer 2025,Summer 2026
MATH,A064N,Carly Gonzalez,Fall 2024,Fall 2026
MATH,A064N,Syed Hussain,Summer 2025,Summer 2026
MATH,A067N,Carly Gonzalez,Fall 2024,Fall 2026
MATH,A067N,Syed Hussain,Summer 2025,Summer 2026
MATH,A068N,Carly Gonzalez,Fall 2024,Fall 2026
MATH,A068N,Syed Hussain,Summer 2025,Summer 2026
MATH,A082N,Carly Gonzalez,Intersession/Spring 2024,Intersession/Spring 2024
MATH,A090,Aisha Bourouis-Benyassine,Intersession/Spring 2023,Intersession/Spring 2024
MATH,A090,Ann Pham,Intersession/Spring 2024,Intersession/Spring 2024
MATH,A090,Anthony Muljat,Winter/Spring 2026,Winter/Spring 2026
MATH,A090,Carrie Frizzell,Fall 2026,Fall 2026
MATH,A090,Debbie Raskin,Intersession/Spring 2024,Winter/Spring 2026
MATH,A090,Farimah Fazeli,Fall 2024,Fall 2026
MATH,A090,Jorge Guerra,Winter/Spring 2025,Winter/Spring 2025
MATH,A090,Juan Torres Toral,Winter/Spring 2026,Winter/Spring 2026
MATH,A090,Kevin Mofid,Winter/Spring 2026,Winter/Spring 2026
MATH,A090,Kira Kuznetsov,Intersession/Spring 2024,Intersession/Spring 2024
MATH,A090,Linda Ternes,Winter/Spring 2026,Winter/Spring 2026
MATH,A090,Parvin Ramedani,Fall 2023,Fall 2026
MATH,A090,Paul Yi,Intersession/Spring 2023,Intersession/Spring 2023
MATH,A090,Ramon Melendez Sierra,Fall 2023,Fall 2024
MATH,A090,Sunny Le,Fall 2024,Fall 2024
MATH,A090,Thanh Hoang,Fall 2024,Fall 2025
MATH,A090,Trevor Ridley,Fall 2023,Fall 2023
MATH,A090,Vu Phan,Intersession/Spring 2023,Fall 2023
MATH,A091,Debbie Raskin,Intersession/Spring 2023,Fall 2026
MATH,A091,Hanieh Novinrad,Fall 2024,Fall 2024
MATH,A091,Huy Nguyen,Fall 2025,Fall 2026
MATH,A091,Jorge Guerra,Fall 2025,Fall 2025
MATH,A091,Kevin Mofid,Fall 2023,Fall 2026
MATH,A091,Naoko Maekawa,Intersession/Spring 2023,Fall 2026
MATH,A091,Phoebe Chung,Fall 2024,Fall 2024
MATH,A091,Richard Rozak,Intersession/Spring 2024,Winter/Spring 2025
MATH,A091,Tatyana Shirman,Fall 2024,Winter/Spring 2026
MATH,A091,Thanh Hoang,Winter/Spring 2025,Winter/Spring 2025
MATH,A091,Timothy Choi,Fall 2026,Fall 2026
MATH,A092,Aisha Bourouis-Benyassine,Intersession/Spring 2024,Fall 2026
MATH,A092,Andrew Koines,Fall 2023,Fall 2023
MATH,A092,Carly Gonzalez,Intersession/Spring 2023,Intersession/Spring 2024
MATH,A092,Dai Nguyen,Fall 2024,Fall 2024
MATH,A092,Farimah Fazeli,Fall 2023,Winter/Spring 2026
MATH,A092,Frank Meola,Intersession/Spring 2023,Fall 2025
MATH,A092,Jonathan Harris,Fall 2026,Fall 2026
MATH,A092,Jorge Guerra,Fall 2024,Fall 2024
MATH,A092,Juan Torres Toral,Fall 2026,Fall 2026
MATH,A092,Kevin Mofid,Intersession/Spring 2023,Winter/Spring 2025
MATH,A092,Mansour Abdoli,Fall 2024,Fall 2024
MATH,A092,Phoebe Chung,Fall 2026,Fall 2026
MATH,A092,Richard Rozak,Intersession/Spring 2023,Intersession/Spring 2023
MATH,A092,Tatyana Shirman,Winter/Spring 2025,Winter/Spring 2025
MATH,A092,Thanh Hoang,Fall 2023,Fall 2023
MATH,A092,Vu Phan,Intersession/Spring 2024,Fall 2024
MATH,A094,Carly Gonzalez,Fall 2024,Fall 2026
MATH,A094,Naoko Maekawa,Fall 2024,Fall 2024
MATH,A096,Anton Butenko,Fall 2023,Winter/Spring 2025
MATH,A096,Huyvu Phan,Fall 2024,Fall 2026
MATH,A096,James Carver,Fall 2025,Fall 2025
MATH,A096,Joseph Ninh,Intersession/Spring 2024,Winter/Spring 2025
MATH,A096,Juan Torres Toral,Fall 2024,Winter/Spring 2025
MATH,A096,Manon Bedou,Fall 2026,Fall 2026
MATH,A096,Mansour Abdoli,Fall 2023,Fall 2025
MATH,A096,Parvin Ramedani,Intersession/Spring 2024,Winter/Spring 2026
MATH,A096,Paul Yi,Fall 2026,Fall 2026
MATH,A096,Phoebe Chung,Fall 2023,Fall 2023
MATH,A096,Robert T Chan,Intersession/Spring 2023,Intersession/Spring 2023
MATH,A096,Scott Northrup,Fall 2024,Fall 2024
MATH,A096,Sunny Le,Fall 2023,Fall 2025
MATH,A096,Thanh Hoang,Intersession/Spring 2023,Winter/Spring 2026
MATH,A096,Timothy Choi,Fall 2023,Winter/Spring 2026
MATH,A096,Trevor Ridley,Intersession/Spring 2024,Fall 2024
MATH,A096,Vu Phan,Intersession/Spring 2023,Fall 2026
MATH,A100,Aisha Bourouis-Benyassine,Intersession/Spring 2023,Intersession/Spring 2024
MATH,A100,Ann Pham,Fall 2023,Winter/Spring 2026
MATH,A100,Anthony Muljat,Winter/Spring 2026,Winter/Spring 2026
MATH,A100,Carrie Frizzell,Fall 2026,Fall 2026
MATH,A100,Dai Nguyen,Intersession/Spring 2023,Intersession/Spring 2023
MATH,A100,Debbie Raskin,Intersession/Spring 2024,Fall 2026
MATH,A100,Farimah Fazeli,Fall 2024,Fall 2026
MATH,A100,Huyvu Phan,Intersession/Spring 2024,Intersession/Spring 2024
MATH,A100,Jorge Guerra,Winter/Spring 2025,Winter/Spring 2025
MATH,A100,Jose Garcia,Fall 2026,Fall 2026
MATH,A100,Joseph Ninh,Intersession/Spring 2023,Intersession/Spring 2023
MATH,A100,Juan Torres Toral,Winter/Spring 2026,Winter/Spring 2026
MATH,A100,Kasara Heneks,Fall 2024,Fall 2024
MATH,A100,Kevin Mofid,Winter/Spring 2026,Winter/Spring 2026
MATH,A100,Kim Nguyen,Fall 2023,Winter/Spring 2026
MATH,A100,Kira Kuznetsov,Fall 2023,Fall 2026
MATH,A100,Leila Sayyadi,Fall 2024,Winter/Spring 2026
MATH,A100,Linda Ternes,Winter/Spring 2026,Winter/Spring 2026
MATH,A100,Mansour Abdoli,Summer 2025,Winter/Spring 2026
MATH,A100,Mariana Voicu,Intersession/Spring 2023,Fall 2024
MATH,A100,Parvin Ramedani,Fall 2023,Fall 2026
MATH,A100,Paul Yi,Intersession/Spring 2023,Intersession/Spring 2023
MATH,A100,Ramon Melendez Sierra,Fall 2023,Fall 2026
MATH,A100,Renata Cioczek-Georges,Fall 2025,Fall 2025
MATH,A100,Scott Northrup,Fall 2023,Fall 2023
MATH,A100,Sunny Le,Fall 2024,Winter/Spring 2025
MATH,A100,Thanh Hoang,Intersession/Spring 2024,Fall 2026
MATH,A100,Timothy Cooley,Intersession/Spring 2023,Fall 2026
MATH,A100,Trevor Ridley,Fall 2023,Fall 2026
MATH,A100,Vu Phan,Intersession/Spring 2023,Fall 2023
MATH,A100,kiran Kumar,Fall 2023,Intersession/Spring 2024
MATH,A104,Ann Pham,Intersession/Spring 2023,Fall 2026
MATH,A115,Aisha Bourouis-Benyassine,Winter/Spring 2025,Winter/Spring 2025
MATH,A115,Anthony Muljat,Fall 2025,Fall 2025
MATH,A115,Debbie Raskin,Intersession/Spring 2023,Fall 2026
MATH,A115,Farimah Fazeli,Winter/Spring 2026,Winter/Spring 2026
MATH,A115,Hanieh Novinrad,Fall 2024,Fall 2024
MATH,A115,Huy Nguyen,Fall 2024,Fall 2025
MATH,A115,Jorge Guerra,Fall 2025,Fall 2025
MATH,A115,Juan Torres Toral,Fall 2026,Fall 2026
MATH,A115,Kevin Mofid,Fall 2023,Fall 2026
MATH,A115,Kira Kuznetsov,Intersession/Spring 2023,Intersession/Spring 2023
MATH,A115,Linda Ternes,Intersession/Spring 2024,Intersession/Spring 2024
MATH,A115,Mariana Voicu,Intersession/Spring 2023,Intersession/Spring 2023
MATH,A115,Naoko Maekawa,Intersession/Spring 2023,Fall 2026
MATH,A115,Phoebe Chung,Fall 2024,Fall 2024
MATH,A115,Richard Rozak,Intersession/Spring 2024,Fall 2026
MATH,A115,Robert Muir,Intersession/Spring 2023,Fall 2026
MATH,A115,Scott Northrup,Summer 2023,Summer 2023
MATH,A115,Sonia Avetisian,Summer 2025,Summer 2025
MATH,A115,Sunny Le,Fall 2023,Fall 2023
MATH,A115,Syed Hussain,Intersession/Spring 2023,Intersession/Spring 2024
MATH,A115,THINH Sam,Intersession/Spring 2023,Fall 2026
MATH,A115,Tatyana Shirman,Fall 2023,Fall 2026
MATH,A115,Thanh Hoang,Winter/Spring 2025,Winter/Spring 2025
MATH,A115,Timothy Choi,Fall 2026,Fall 2026
MATH,A120,Abbas Hosseini Qanatqazi,Fall 2025,Fall 2026
MATH,A120,Aisha Bourouis-Benyassine,Intersession/Spring 2023,Fall 2026
MATH,A120,Andrew Koines,Intersession/Spring 2023,Winter/Spring 2026
MATH,A120,Ann Pham,Fall 2024,Winter/Spring 2025
MATH,A120,Anton Butenko,Summer 2026,Summer 2026
MATH,A120,Carly Gonzalez,Intersession/Spring 2023,Intersession/Spring 2024
MATH,A120,Dai Nguyen,Fall 2024,Winter/Spring 2025
MATH,A120,Farimah Fazeli,Fall 2023,Winter/Spring 2026
MATH,A120,Frank Meola,Intersession/Spring 2023,Fall 2025
MATH,A120,Huy Nguyen,Intersession/Spring 2023,Winter/Spring 2025
MATH,A120,Jonathan Harris,Winter/Spring 2026,Fall 2026
MATH,A120,Jorge Guerra,Fall 2023,Winter/Spring 2026
MATH,A120,Joseph Ninh,Intersession/Spring 2023,Intersession/Spring 2023
MATH,A120,Juan Torres Toral,Fall 2026,Fall 2026
MATH,A120,Kasara Heneks,Fall 2023,Winter/Spring 2025
MATH,A120,Kevin Mofid,Intersession/Spring 2023,Winter/Spring 2025
MATH,A120,Kim Nguyen,Intersession/Spring 2023,Fall 2026
MATH,A120,Kira Kuznetsov,Fall 2023,Fall 2023
MATH,A120,Mansour Abdoli,Fall 2024,Fall 2024
MATH,A120,Paul Yi,Summer 2023,Summer 2025
MATH,A120,Phoebe Chung,Fall 2026,Fall 2026
MATH,A120,Richard Rozak,Intersession/Spring 2023,Intersession/Spring 2023
MATH,A120,Scott Northrup,Fall 2024,Fall 2024
MATH,A120,Syed Hussain,Summer 2023,Intersession/Spring 2024
MATH,A120,THINH Sam,Fall 2023,Fall 2026
MATH,A120,Tatyana Shirman,Fall 2023,Fall 2026
MATH,A120,Thanh Hoang,Summer 2023,Fall 2024
MATH,A120,Vu Phan,Intersession/Spring 2024,Summer 2025
MATH,A140,Carly Gonzalez,Fall 2023,Fall 2026
MATH,A140,Farimah Fazeli,Intersession/Spring 2023,Intersession/Spring 2023
MATH,A140,Hanieh Novinrad,Fall 2023,Fall 2023
MATH,A140,Jorge Guerra,Fall 2023,Intersession/Spring 2024
MATH,A140,Juan Torres Toral,Fall 2025,Fall 2025
MATH,A140,Kasara Heneks,Intersession/Spring 2023,Intersession/Spring 2023
MATH,A140,Kira Kuznetsov,Intersession/Spring 2023,Intersession/Spring 2023
MATH,A140,Mariana Voicu,Intersession/Spring 2023,Fall 2026
MATH,A140,Naoko Maekawa,Fall 2024,Fall 2026
MATH,A140,Renata Cioczek-Georges,Winter/Spring 2025,Winter/Spring 2026
MATH,A140,Richard Rozak,Fall 2023,Fall 2023
MATH,A140,Sunny Le,Intersession/Spring 2024,Intersession/Spring 2024
MATH,A140,Tab Livingston,Intersession/Spring 2024,Fall 2024
MATH,A155,Dai Nguyen,Intersession/Spring 2023,Intersession/Spring 2023
MATH,A160,Anton Butenko,Fall 2023,Winter/Spring 2025
MATH,A160,Dai Nguyen,Intersession/Spring 2024,Intersession/Spring 2024
MATH,A160,Douglas Lloyd,Intersession/Spring 2023,Summer 2025
MATH,A160,Edward Pineda-Castro,Summer 2023,Summer 2023
MATH,A160,Huyvu Phan,Summer 2023,Fall 2024
MATH,A160,Joseph Ninh,Intersession/Spring 2024,Winter/Spring 2025
MATH,A160,Juan Torres Toral,Fall 2024,Winter/Spring 2025
MATH,A160,Mansour Abdoli,Fall 2023,Winter/Spring 2025
MATH,A160,Parvin Ramedani,Intersession/Spring 2024,Intersession/Spring 2024
MATH,A160,Paul Yi,Intersession/Spring 2023,Winter/Spring 2025
MATH,A160,Phoebe Chung,Intersession/Spring 2023,Fall 2023
MATH,A160,Robert T Chan,Intersession/Spring 2023,Intersession/Spring 2023
MATH,A160,Scott Northrup,Summer 2024,Fall 2024
MATH,A160,Sunny Le,Fall 2023,Summer 2024
MATH,A160,Thanh Hoang,Intersession/Spring 2023,Fall 2023
MATH,A160,Timothy Choi,Fall 2023,Winter/Spring 2025
MATH,A160,Timothy Cooley,Intersession/Spring 2023,Winter/Spring 2025
MATH,A160,Trevor Ridley,Intersession/Spring 2024,Fall 2024
MATH,A160,Vu Phan,Intersession/Spring 2023,Summer 2025
MATH,A170,Aisha Bourouis-Benyassine,Fall 2023,Fall 2026
MATH,A170,Andrew Koines,Fall 2024,Fall 2025
MATH,A170,Ann Pham,Fall 2026,Fall 2026
MATH,A170,Dai Nguyen,Fall 2023,Fall 2026
MATH,A170,Farimah Fazeli,Winter/Spring 2025,Winter/Spring 2025
MATH,A170,Frank Meola,Intersession/Spring 2023,Fall 2026
MATH,A170,Huy Nguyen,Fall 2023,Intersession/Spring 2024
MATH,A170,Jack Hoffman,Fall 2023,Fall 2023
MATH,A170,Jorge Guerra,Intersession/Spring 2023,Fall 2024
MATH,A170,Jose Garcia,Fall 2026,Fall 2026
MATH,A170,Kasara Heneks,Fall 2025,Fall 2026
MATH,A170,Leila Sayyadi,Fall 2025,Fall 2025
MATH,A170,Mariana Voicu,Fall 2023,Intersession/Spring 2024
MATH,A170,Phoebe Chung,Fall 2025,Fall 2025
MATH,A170,Ramon Melendez Sierra,Summer 2026,Summer 2026
MATH,A170,Renata Cioczek-Georges,Fall 2023,Fall 2025
MATH,A170,Robert Muir,Fall 2023,Fall 2023
MATH,A170,Robert T Chan,Winter/Spring 2025,Winter/Spring 2026
MATH,A170,Sonia Avetisian,Intersession/Spring 2023,Winter/Spring 2025
MATH,A170,Sunny Le,Summer 2023,Fall 2026
MATH,A170,THINH Sam,Intersession/Spring 2023,Winter/Spring 2026
MATH,A170,Tab Livingston,Intersession/Spring 2024,Fall 2024
MATH,A170,Tatyana Shirman,Intersession/Spring 2024,Fall 2025
MATH,A170,Thanh Hoang,Summer 2025,Summer 2025
MATH,A170,Vu Phan,Summer 2024,Summer 2024
MATH,A170,William Ziemer,Intersession/Spring 2023,Intersession/Spring 2023
MATH,A180,Andrew Koines,Intersession/Spring 2023,Fall 2026
MATH,A180,Anthony Muljat,Fall 2026,Fall 2026
MATH,A180,Arthur Moore,Intersession/Spring 2023,Winter/Spring 2026
MATH,A180,Carly Gonzalez,Fall 2024,Winter/Spring 2025
MATH,A180,Dai Nguyen,Fall 2023,Summer 2026
MATH,A180,Jack Hoffman,Fall 2023,Fall 2023
MATH,A180,Jonathan Harris,Fall 2024,Fall 2025
MATH,A180,Jose Garcia,Fall 2026,Fall 2026
MATH,A180,Joseph Ninh,Fall 2023,Fall 2024
MATH,A180,Kasara Heneks,Fall 2025,Fall 2026
MATH,A180,Khoa Ta,Fall 2023,Fall 2024
MATH,A180,Kira Kuznetsov,Fall 2024,Fall 2024
MATH,A180,Leila Sayyadi,Fall 2026,Fall 2026
MATH,A180,Linda Ternes,Intersession/Spring 2023,Fall 2026
MATH,A180,Mariana Voicu,Fall 2025,Fall 2026
MATH,A180,Renata Cioczek-Georges,Intersession/Spring 2024,Fall 2026
MATH,A180,Robert Muir,Intersession/Spring 2023,Summer 2026
MATH,A180,Robert T Chan,Fall 2023,Fall 2026
MATH,A180,Sonia Avetisian,Intersession/Spring 2023,Fall 2026
MATH,A180,Syed Hussain,Intersession/Spring 2023,Fall 2026
MATH,A180,THINH Sam,Summer 2023,Fall 2026
MATH,A180,Tyler Boogar,Intersession/Spring 2023,Winter/Spring 2026
MATH,A180,Vu Phan,Summer 2023,Fall 2026
MATH,A180H,Linda Ternes,Intersession/Spring 2024,Fall 2024
MATH,A180H,Tyler Boogar,Intersession/Spring 2023,Fall 2026
MATH,A185,Andrew Koines,Summer 2025,Summer 2025
MATH,A185,Arthur Moore,Intersession/Spring 2023,Fall 2026
MATH,A185,Carly Gonzalez,Fall 2025,Fall 2026
MATH,A185,Dai Nguyen,Fall 2024,Winter/Spring 2025
MATH,A185,Douglas Lloyd,Intersession/Spring 2023,Winter/Spring 2026
MATH,A185,Joseph Ninh,Fall 2023,Winter/Spring 2026
MATH,A185,Kira Kuznetsov,Intersession/Spring 2024,Winter/Spring 2025
MATH,A185,Linda Ternes,Intersession/Spring 2023,Fall 2026
MATH,A185,Mariana Voicu,Intersession/Spring 2023,Fall 2026
MATH,A185,Robert Muir,Intersession/Spring 2023,Summer 2024
MATH,A185,Sonia Avetisian,Summer 2023,Fall 2026
MATH,A185,Syed Hussain,Summer 2023,Summer 2026
MATH,A185,Vu Phan,Summer 2026,Fall 2026
MATH,A185,William Ziemer,Intersession/Spring 2024,Intersession/Spring 2024
MATH,A185H,Douglas Lloyd,Intersession/Spring 2023,Fall 2026
MATH,A185H,Linda Ternes,Intersession/Spring 2024,Intersession/Spring 2024
MATH,A185H,Tyler Boogar,Fall 2023,Winter/Spring 2026
MATH,A220,Charles Otwell,Intersession/Spring 2023,Winter/Spring 2025
MATH,A220,Jessica Gonzalez,Fall 2025,Fall 2026
MATH,A230,Arthur Moore,Fall 2023,Fall 2024
MATH,A235,Jack Hoffman,Intersession/Spring 2023,Intersession/Spring 2024
MATH,A235,Kira Kuznetsov,Winter/Spring 2026,Winter/Spring 2026
MATH,A235,Scott Northrup,Winter/Spring 2025,Winter/Spring 2025
MATH,A280,Andrew Koines,Intersession/Spring 2023,Fall 2026
MATH,A280,Arthur Moore,Intersession/Spring 2023,Fall 2026
MATH,A280,Douglas Lloyd,Fall 2023,Fall 2026
MATH,A280,Linda Ternes,Fall 2023,Fall 2025
MATH,A280,Robert Muir,Fall 2024,Fall 2026
MATH,A280H,Arthur Moore,Intersession/Spring 2023,Fall 2025
MATH,A280H,Douglas Lloyd,Fall 2026,Fall 2026
MATH,A285,Arthur Moore,Intersession/Spring 2023,Fall 2026
MATH,A285,Mariana Voicu,Intersession/Spring 2023,Fall 2026
MATH,A285,Robert Muir,Fall 2024,Fall 2026
MATH,A285,Scott Northrup,Intersession/Spring 2023,Intersession/Spring 2024
MATH,A285,Tyler Boogar,Intersession/Spring 2023,Intersession/Spring 2023
MATH,A285H,Arthur Moore,Intersession/Spring 2023,Fall 2026
MATH,A287,Andrew Koines,Winter/Spring 2026,Winter/Spring 2026
MATH,A287,Khoa Ta,Winter/Spring 2025,Winter/Spring 2025
MGMT,A100,Karen Klammer,Intersession/Spring 2023,Fall 2026
MGMT,A115,Karen Klammer,Intersession/Spring 2023,Fall 2026
MGMT,A239,Keith Krallman,Intersession/Spring 2023,Fall 2026
MKTG,A100,Dennis Morgan,Intersession/Spring 2023,Winter/Spring 2025
MKTG,A100,Lee Gordon,Fall 2025,Fall 2026
MKTG,A100,Mark Grooms,Winter/Spring 2026,Fall 2026
MKTG,A110,Dennis Morgan,Intersession/Spring 2023,Winter/Spring 2025
MKTG,A110,Lee Gordon,Fall 2025,Fall 2026
MKTG,A130,Dennis Morgan,Intersession/Spring 2023,Winter/Spring 2025
MKTG,A130,Lee Gordon,Fall 2025,Fall 2026
MKTG,A150,Lee Gordon,Intersession/Spring 2024,Fall 2026
MKTG,A150H,Lee Gordon,Intersession/Spring 2024,Fall 2026
MKTG,A200,John Hazen,Fall 2023,Fall 2023
MKTG,A200,Katherine Hectus,Intersession/Spring 2024,Intersession/Spring 2024
MKTG,A220,Katherine Hectus,Intersession/Spring 2023,Intersession/Spring 2023
MKTG,A220,Tara Blackburn,Fall 2023,Fall 2023
MRSC,A020N,Mary Blasius,Fall 2025,Fall 2026
MRSC,A100,Jeff Armstrong,Fall 2026,Fall 2026
MRSC,A100,Karen Baker,Intersession/Spring 2023,Summer 2026
MRSC,A100,Lisa Snyder,Intersession/Spring 2024,Fall 2026
MRSC,A100,Mary Blasius,Intersession/Spring 2023,Intersession/Spring 2023
MRSC,A100,Robert Ellis,Intersession/Spring 2023,Fall 2026
MRSC,A100H,Karen Baker,Intersession/Spring 2023,Fall 2024
MRSC,A100L,Alex Meyer,Winter/Spring 2026,Winter/Spring 2026
MRSC,A100L,Angelina Komatovich,Intersession/Spring 2023,Fall 2026
MRSC,A100L,Don Johnston,Intersession/Spring 2023,Winter/Spring 2026
MRSC,A100L,Jeff Armstrong,Intersession/Spring 2023,Fall 2025
MRSC,A100L,Karen Baker,Intersession/Spring 2023,Fall 2026
MRSC,A100L,Lisa Snyder,Intersession/Spring 2023,Fall 2026
MRSC,A100L,Mary Blasius,Fall 2023,Fall 2026
MRSC,A100L,Ty Frantz,Intersession/Spring 2024,Fall 2024
MRSC,A100L,Wendy Berube,Winter/Spring 2025,Fall 2025
MRSC,A100M,Karen Baker,Intersession/Spring 2023,Intersession/Spring 2023
MRSC,A119,Angelina Komatovich,Fall 2023,Fall 2025
MRSC,A119,Ty Frantz,Fall 2026,Fall 2026
MRSC,A120,Alex Meyer,Fall 2025,Fall 2026
MRSC,A120,Angelina Komatovich,Summer 2026,Summer 2026
MRSC,A120,Greg Gardiner,Fall 2023,Fall 2023
MRSC,A120,Mary Blasius,Intersession/Spring 2023,Summer 2025
MRSC,A120,Robert Ellis,Intersession/Spring 2023,Fall 2026
MRSC,A121,Kelli Elliott,Fall 2023,Fall 2025
MRSC,A121,Robert Ellis,Summer 2024,Summer 2024
MRSC,A124,Karen Baker,Winter/Spring 2025,Winter/Spring 2025
MRSC,A124,Kelli Elliott,Intersession/Spring 2023,Intersession/Spring 2023
MRSC,A124,Mary Blasius,Intersession/Spring 2024,Winter/Spring 2026
MRSC,A125,Karen Baker,Intersession/Spring 2023,Intersession/Spring 2023
MRSC,A125,Mary Blasius,Winter/Spring 2026,Winter/Spring 2026
MRSC,A130,Angelina Komatovich,Fall 2023,Fall 2026
MRSC,A135,Mary Blasius,Fall 2023,Fall 2026
MRSC,A140,Mary Blasius,Intersession/Spring 2023,Fall 2026
MRSC,A140,Robert Ellis,Intersession/Spring 2024,Winter/Spring 2026
MRSC,A145,Angelina Komatovich,Fall 2026,Fall 2026
MRSC,A145,Stephen Ranson,Fall 2025,Fall 2025
MRSC,A146,Alex Meyer,Winter/Spring 2026,Winter/Spring 2026
MRSC,A180,Angelina Komatovich,Intersession/Spring 2024,Winter/Spring 2026
MRSC,A180,Robert Ellis,Intersession/Spring 2023,Fall 2026
MRSC,A180L,Alex Meyer,Fall 2026,Fall 2026
MRSC,A180L,Angelina Komatovich,Intersession/Spring 2023,Intersession/Spring 2024
MRSC,A180L,Jeff Armstrong,Fall 2024,Winter/Spring 2026
MRSC,A180L,Ty Frantz,Winter/Spring 2025,Winter/Spring 2026
MRSC,A185,Karen Baker,Intersession/Spring 2023,Summer 2026
MRSC,A185,Lisa Snyder,Winter/Spring 2026,Winter/Spring 2026
MRSC,A185,Mary Blasius,Fall 2024,Fall 2025
MRSC,A185,Wendy Berube,Fall 2026,Fall 2026
MRSC,A185L,Karen Baker,Fall 2023,Fall 2023
MRSC,A185L,Mary Blasius,Fall 2024,Fall 2025
MRSC,A185L,Robert Ellis,Summer 2026,Summer 2026
MRSC,A185L,Wendy Berube,Winter/Spring 2026,Fall 2026
MRSC,A187,Karen Baker,Intersession/Spring 2023,Winter/Spring 2026
MRSC,A187,Kirsten Donald,Fall 2026,Fall 2026
MRSC,A188,Karen Baker,Summer 2023,Fall 2025
MRSC,A188,Mary Blasius,Summer 2024,Summer 2026
MRSC,A190,Jeff Armstrong,Intersession/Spring 2023,Winter/Spring 2026
MRSC,A195,Jeff Armstrong,Fall 2024,Fall 2026
MRSC,A199,Greg Gardiner,Intersession/Spring 2023,Intersession/Spring 2024
MRSC,A199,Karen Baker,Summer 2024,Summer 2024
MRSC,A220,Mary Blasius,Fall 2023,Fall 2026
MRSC,A220,Robert Ellis,Intersession/Spring 2023,Intersession/Spring 2023
MRSC,A221,Robert Ellis,Intersession/Spring 2023,Fall 2026
MRSC,A222,Robert Ellis,Intersession/Spring 2023,Fall 2026
MRSC,A223,Robert Ellis,Intersession/Spring 2023,Fall 2026
MRSC,A245,Mary Blasius,Fall 2025,Fall 2026
MRSC,A246,Mary Blasius,Winter/Spring 2026,Fall 2026
MRSC,A287,Karen Baker,Summer 2023,Summer 2023
MRSC,A287,Kirsten Donald,Winter/Spring 2025,Winter/Spring 2025
MRSC,A288,Karen Baker,Winter/Spring 2026,Winter/Spring 2026
MRSC,A288,Mary Blasius,Intersession/Spring 2023,Fall 2026
MUS,A001N,Adam Pettit,Intersession/Spring 2023,Fall 2026
MUS,A002N,Dana Wheaton,Intersession/Spring 2023,Fall 2026
MUS,A003N,Mathew Ward,Intersession/Spring 2023,Fall 2026
MUS,A012N,Eliza Rubenstein,Intersession/Spring 2023,Fall 2026
MUS,A012N,Kelly Self,Intersession/Spring 2023,Fall 2026
MUS,A012N,Ricardo Soto,Winter/Spring 2026,Winter/Spring 2026
MUS,A015N,Dana Wheaton,Intersession/Spring 2023,Fall 2026
MUS,A100,Kelly Self,Fall 2024,Fall 2026
MUS,A100,Ricardo Soto,Intersession/Spring 2023,Summer 2026
MUS,A105,Eliza Rubenstein,Intersession/Spring 2023,Fall 2026
MUS,A110,Dana Wheaton,Intersession/Spring 2023,Fall 2026
MUS,A111,Dana Wheaton,Intersession/Spring 2023,Fall 2026
MUS,A112,Dana Wheaton,Intersession/Spring 2023,Fall 2026
MUS,A113,Dana Wheaton,Intersession/Spring 2023,Fall 2026
MUS,A115,Dana Wheaton,Summer 2023,Summer 2026
MUS,A115,Emily Hung,Intersession/Spring 2023,Fall 2026
MUS,A115,Janelle Kim,Intersession/Spring 2023,Fall 2026
MUS,A115,Nadia Smelser,Intersession/Spring 2024,Fall 2026
MUS,A115,Randal Pile,Intersession/Spring 2023,Fall 2026
MUS,A116,Dmitry Koudymov,Intersession/Spring 2023,Fall 2026
MUS,A116,Randal Pile,Intersession/Spring 2023,Fall 2026
MUS,A118,Anne Walsh,Intersession/Spring 2023,Fall 2026
MUS,A119,Anne Walsh,Intersession/Spring 2023,Fall 2026
MUS,A120,Kelly Self,Intersession/Spring 2023,Fall 2026
MUS,A120,Ricardo Soto,Winter/Spring 2026,Winter/Spring 2026
MUS,A122,Eliza Rubenstein,Intersession/Spring 2023,Fall 2026
MUS,A129,Adam Pettit,Intersession/Spring 2023,Fall 2026
MUS,A132,Dana Wheaton,Intersession/Spring 2023,Fall 2026
MUS,A133,Mathew Ward,Intersession/Spring 2023,Fall 2026
MUS,A139,David Murdy,Intersession/Spring 2024,Fall 2026
MUS,A139,Dmitry Koudymov,Summer 2026,Summer 2026
MUS,A139,Jeff Mayor,Intersession/Spring 2023,Fall 2026
MUS,A140,Dana Wheaton,Intersession/Spring 2023,Fall 2026
MUS,A141,Emily Hung,Intersession/Spring 2023,Summer 2026
MUS,A141,Judy Lee,Intersession/Spring 2023,Fall 2026
MUS,A142,Emily Hung,Fall 2023,Fall 2025
MUS,A142,Judy Lee,Intersession/Spring 2023,Winter/Spring 2026
MUS,A142,Teresa De Jong-Pombo,Intersession/Spring 2023,Fall 2026
MUS,A143,Paul Navidad,Intersession/Spring 2023,Fall 2026
MUS,A145,Nadia Smelser,Intersession/Spring 2023,Intersession/Spring 2023
MUS,A145,Susan Ali,Intersession/Spring 2023,Intersession/Spring 2023
MUS,A146,Nadia Smelser,Intersession/Spring 2023,Intersession/Spring 2023
MUS,A148,Adam Pettit,Intersession/Spring 2023,Fall 2026
MUS,A149,Adam Pettit,Intersession/Spring 2023,Fall 2026
MUS,A150,Dana Wheaton,Intersession/Spring 2023,Fall 2026
MUS,A151,David Murdy,Intersession/Spring 2023,Fall 2026
MUS,A152,David Murdy,Intersession/Spring 2023,Fall 2026
MUS,A161,Nadia Smelser,Fall 2023,Fall 2026
MUS,A161,Susan Ali,Fall 2023,Winter/Spring 2026
MUS,A162,Nadia Smelser,Fall 2023,Fall 2026
MUS,A163,Nadia Smelser,Fall 2023,Fall 2026
MUS,A164,Nadia Smelser,Intersession/Spring 2024,Fall 2026
MUS,A180,Paul Navidad,Intersession/Spring 2023,Fall 2026
MUS,A181,Janelle Kim,Intersession/Spring 2023,Fall 2026
MUS,A185,Paul Navidad,Intersession/Spring 2023,Fall 2026
MUS,A186,Janelle Kim,Intersession/Spring 2023,Fall 2026
MUS,A213,Beth Hansen,Intersession/Spring 2023,Fall 2026
MUS,A214,Beth Hansen,Intersession/Spring 2023,Fall 2026
MUS,A215,Beth Hansen,Intersession/Spring 2023,Fall 2026
MUS,A216,Beth Hansen,Intersession/Spring 2023,Fall 2026
MUS,A218,Anne Walsh,Intersession/Spring 2023,Fall 2026
MUS,A219,Anne Walsh,Intersession/Spring 2023,Fall 2026
MUS,A223,Eliza Rubenstein,Intersession/Spring 2023,Fall 2026
MUS,A230,Dana Wheaton,Intersession/Spring 2023,Fall 2026
MUS,A233,Mathew Ward,Intersession/Spring 2023,Fall 2026
MUS,A240,Dana Wheaton,Intersession/Spring 2023,Winter/Spring 2025
MUS,A240,Eliza Rubenstein,Fall 2025,Fall 2026
MUS,A241,Teresa De Jong-Pombo,Intersession/Spring 2023,Fall 2026
MUS,A242,Teresa De Jong-Pombo,Intersession/Spring 2023,Fall 2026
MUS,A248,Adam Pettit,Intersession/Spring 2023,Fall 2026
MUS,A249,Adam Pettit,Intersession/Spring 2023,Fall 2026
MUS,A261,Dennis Anderson,Intersession/Spring 2023,Fall 2024
MUS,A261,Michel Tyabji,Fall 2025,Fall 2026
MUS,A262,David Murdy,Intersession/Spring 2023,Fall 2026
MUS,A265,Dennis Anderson,Intersession/Spring 2023,Fall 2024
MUS,A265,Michel Tyabji,Fall 2025,Fall 2026
MUS,A267,Teresa De Jong-Pombo,Intersession/Spring 2023,Fall 2026
MUS,A268,Teresa De Jong-Pombo,Intersession/Spring 2023,Fall 2026
MUS,A271,David Murdy,Intersession/Spring 2023,Fall 2026
MUS,A272,David Murdy,Intersession/Spring 2023,Fall 2026
MUS,A277,Teresa De Jong-Pombo,Intersession/Spring 2023,Fall 2026
MUS,A278,Teresa De Jong-Pombo,Intersession/Spring 2023,Fall 2026
MUS,A280,Paul Navidad,Fall 2023,Fall 2026
MUS,A281,Paul Navidad,Fall 2023,Fall 2026
MUS,A285,Paul Navidad,Intersession/Spring 2023,Winter/Spring 2026
MUS,A286,Paul Navidad,Intersession/Spring 2023,Winter/Spring 2026
MUS,A290,David Murdy,Summer 2025,Summer 2025
MUS,A290,Janelle Kim,Fall 2025,Fall 2026
MUS,A290,Nadia Smelser,Intersession/Spring 2023,Summer 2024
MUS,A290,Susan Ali,Fall 2023,Summer 2026
NC,A100,Elizabeth Blake,Fall 2023,Fall 2024
NC,A100,Verna Leahy,Intersession/Spring 2023,Intersession/Spring 2024
NC,A175,Verna Leahy,Intersession/Spring 2023,Winter/Spring 2026
NC,A180,Elizabeth Blake,Intersession/Spring 2023,Winter/Spring 2026
NC,A280,Elizabeth Blake,Fall 2023,Fall 2026
NC,A281,Elizabeth Blake,Fall 2023,Fall 2026
NC,A285,Elizabeth Blake,Intersession/Spring 2024,Winter/Spring 2026
NC,A286,Elizabeth Blake,Intersession/Spring 2023,Winter/Spring 2026
NDT,A110,Tabitha Liang,Fall 2024,Fall 2026
NDT,A115,Tabitha Liang,Intersession/Spring 2023,Winter/Spring 2025
NDT,A116,Tabitha Liang,Intersession/Spring 2023,Winter/Spring 2025
NDT,A117,Tabitha Liang,Summer 2023,Summer 2025
NDT,A190,Tabitha Liang,Intersession/Spring 2023,Winter/Spring 2025
NDT,A191,Denise Dorsheimer,Winter/Spring 2025,Winter/Spring 2025
NDT,A191,Tabitha Liang,Intersession/Spring 2023,Intersession/Spring 2023
NDT,A200,Tabitha Liang,Intersession/Spring 2023,Winter/Spring 2025
NDT,A279,Tabitha Liang,Intersession/Spring 2024,Winter/Spring 2026
NDT,A280,Tabitha Liang,Fall 2023,Fall 2025
NDT,A282,Tabitha Liang,Intersession/Spring 2024,Winter/Spring 2026
NDT,A284,Azindokht Mofazzali,Fall 2023,Fall 2023
NDT,A284,Heather Gutierrez,Fall 2025,Fall 2025
NDT,A285,Denise Dorsheimer,Fall 2023,Fall 2025
NDT,A286,Tabitha Liang,Fall 2023,Fall 2025
NDT,A287,Tabitha Liang,Intersession/Spring 2023,Winter/Spring 2025
NDT,A288,Tabitha Liang,Fall 2023,Fall 2025
NDT,A289,Tabitha Liang,Intersession/Spring 2024,Winter/Spring 2026
NDT,A296,Tabitha Liang,Intersession/Spring 2024,Winter/Spring 2026
NDT,A297,Tabitha Liang,Intersession/Spring 2024,Winter/Spring 2026
NDT,A298,Tabitha Liang,Intersession/Spring 2024,Winter/Spring 2026
NS,A195,Erik Bender,Intersession/Spring 2023,Intersession/Spring 2023
PHIL,A100,Charles Otwell,Intersession/Spring 2023,Intersession/Spring 2024
PHIL,A100,Jerry Law,Intersession/Spring 2023,Fall 2026
PHIL,A100,Jessica Gonzalez,Intersession/Spring 2023,Fall 2026
PHIL,A100,Jim Watkins,Winter/Spring 2026,Winter/Spring 2026
PHIL,A100,Mike Monge,Fall 2025,Fall 2026
PHIL,A100,Philip Simpkin,Intersession/Spring 2023,Fall 2026
PHIL,A100,Richard Vulich,Fall 2023,Fall 2026
PHIL,A100,Thomas Colclough,Fall 2026,Fall 2026
PHIL,A100,Toby Townsend,Intersession/Spring 2023,Intersession/Spring 2023
PHIL,A115,Philip Simpkin,Intersession/Spring 2023,Winter/Spring 2025
PHIL,A118,Philip Simpkin,Intersession/Spring 2024,Winter/Spring 2026
PHIL,A120,Charles Otwell,Intersession/Spring 2023,Winter/Spring 2025
PHIL,A120,Jerry Law,Fall 2023,Fall 2026
PHIL,A120,Jessica Gonzalez,Fall 2025,Fall 2026
PHIL,A120,Jim Watkins,Winter/Spring 2025,Fall 2025
PHIL,A120,Mike Monge,Intersession/Spring 2023,Winter/Spring 2026
PHIL,A120,Richard Vulich,Intersession/Spring 2023,Winter/Spring 2026
PHIL,A120,Thomas Colclough,Fall 2026,Fall 2026
PHIL,A125,Philip Simpkin,Fall 2024,Fall 2025
PHIL,A131,Philip Simpkin,Fall 2026,Fall 2026
PHIL,A140,Jessica Gonzalez,Fall 2024,Fall 2026
PHIL,A150,Andrew Dzida,Intersession/Spring 2023,Intersession/Spring 2023
PHIL,A150,Jerry Law,Fall 2024,Fall 2024
PHIL,A150,Jessica Gonzalez,Intersession/Spring 2023,Winter/Spring 2026
PHIL,A150,Jim Watkins,Fall 2025,Fall 2026
PHIL,A150,Mike Monge,Fall 2023,Fall 2026
PHIL,A150,Richard Vulich,Intersession/Spring 2023,Fall 2026
PHIL,A150,Thomas Colclough,Winter/Spring 2026,Fall 2026
PHIL,A155,Charles Otwell,Fall 2023,Fall 2023
PHIL,A155,Jessica Gonzalez,Fall 2024,Fall 2026
PHIL,A165,Jessica Gonzalez,Intersession/Spring 2023,Winter/Spring 2025
PHIL,A220,Charles Otwell,Intersession/Spring 2023,Winter/Spring 2025
PHIL,A220,Jessica Gonzalez,Fall 2025,Fall 2026
PHMT,A030N,Daniel Hoang,Fall 2026,Fall 2026
PHMT,A030N,Gia-Thu Pham,Fall 2025,Fall 2026
PHMT,A030N,Phoebe Mai,Fall 2025,Fall 2026
PHMT,A040N,Clarence Lloyd,Fall 2025,Winter/Spring 2026
PHMT,A040N,Cynthia Murillo,Summer 2026,Summer 2026
PHMT,A040N,Minh Thuoc Nguyen,Fall 2026,Fall 2026
PHMT,A040N,Richie Cariaso,Fall 2025,Fall 2026
PHMT,A050N,Daniel Hoang,Fall 2026,Fall 2026
PHMT,A050N,Gia-Thu Pham,Fall 2025,Fall 2026
PHMT,A050N,Phoebe Mai,Fall 2025,Fall 2026
PHMT,A060N,Clarence Lloyd,Fall 2025,Winter/Spring 2026
PHMT,A060N,Gia-Thu Pham,Summer 2026,Summer 2026
PHMT,A060N,Minh Thuoc Nguyen,Fall 2026,Fall 2026
PHMT,A060N,Phoebe Mai,Fall 2025,Fall 2026
PHMT,A070N,Daniel Hoang,Fall 2026,Fall 2026
PHMT,A070N,Gia-Thu Pham,Fall 2025,Fall 2026
PHMT,A070N,Phoebe Mai,Fall 2025,Fall 2026
PHMT,A080N,Clarence Lloyd,Fall 2025,Fall 2026
PHMT,A080N,Cynthia Murillo,Summer 2026,Summer 2026
PHMT,A080N,Daniel Hoang,Winter/Spring 2026,Fall 2026
PHMT,A090N,Gia-Thu Pham,Fall 2025,Fall 2026
PHMT,A090N,Phoebe Mai,Summer 2026,Fall 2026
PHMT,A090N,Richie Cariaso,Fall 2025,Fall 2026
PHOT,A101,Chelsea Mosher,Fall 2023,Fall 2026
PHOT,A101,Eve Luckring,Intersession/Spring 2023,Winter/Spring 2025
PHOT,A106,Agatha Ibranossian,Fall 2023,Summer 2026
PHOT,A107,Agatha Ibranossian,Intersession/Spring 2023,Intersession/Spring 2023
PHOT,A108,Leslie Mccall,Intersession/Spring 2023,Summer 2026
PHOT,A109,Agatha Ibranossian,Intersession/Spring 2023,Intersession/Spring 2023
PHOT,A120,Jonathan Fletcher,Intersession/Spring 2023,Winter/Spring 2026
PHOT,A120,Will Hare,Fall 2026,Fall 2026
PHOT,A123,Agatha Ibranossian,Intersession/Spring 2023,Fall 2026
PHOT,A123,Blade Gillissen,Intersession/Spring 2023,Fall 2026
PHOT,A123,Chauncey Bayes,Intersession/Spring 2023,Fall 2024
PHOT,A123,Damian Tsutsumida,Intersession/Spring 2023,Fall 2026
PHOT,A123,Damon Casarez,Winter/Spring 2026,Winter/Spring 2026
PHOT,A123,Dana Attebery,Fall 2026,Fall 2026
PHOT,A123,Eve Luckring,Intersession/Spring 2023,Fall 2024
PHOT,A123,Leslie Mccall,Intersession/Spring 2023,Fall 2026
PHOT,A123,Richard Kraft,Intersession/Spring 2023,Winter/Spring 2026
PHOT,A123,Riley McDougall,Winter/Spring 2026,Fall 2026
PHOT,A123,Will Hare,Fall 2023,Winter/Spring 2026
PHOT,A123,hiroshi Clark,Fall 2023,Fall 2025
PHOT,A125,Leslie Mccall,Intersession/Spring 2023,Fall 2026
PHOT,A127,Blade Gillissen,Intersession/Spring 2023,Winter/Spring 2025
PHOT,A127,hiroshi Clark,Winter/Spring 2026,Winter/Spring 2026
PHOT,A130,Richard Kraft,Intersession/Spring 2023,Winter/Spring 2026
PHOT,A130,hiroshi Clark,Fall 2026,Fall 2026
PHOT,A141,Amber Gress,Fall 2024,Fall 2024
PHOT,A141,Blade Gillissen,Fall 2023,Fall 2026
PHOT,A142,Amber Gress,Fall 2024,Fall 2024
PHOT,A142,Blade Gillissen,Fall 2023,Fall 2026
PHOT,A143,Amber Gress,Fall 2024,Fall 2024
PHOT,A143,Blade Gillissen,Fall 2023,Fall 2026
PHOT,A161,Leslie Mccall,Intersession/Spring 2024,Winter/Spring 2026
PHOT,A162,Leslie Mccall,Intersession/Spring 2024,Winter/Spring 2026
PHOT,A180,Agatha Ibranossian,Fall 2023,Fall 2026
PHOT,A180,Will Hare,Intersession/Spring 2023,Winter/Spring 2025
PHOT,A188,Leslie Mccall,Fall 2023,Fall 2026
PHOT,A225,hiroshi Clark,Fall 2023,Fall 2025
PHOT,A230,Richard Kraft,Summer 2024,Summer 2025
PHOT,A230,hiroshi Clark,Summer 2026,Summer 2026
PHOT,A241,Agatha Ibranossian,Intersession/Spring 2024,Winter/Spring 2026
PHOT,A260,Leslie Mccall,Intersession/Spring 2023,Fall 2026
PHOT,A260,hiroshi Clark,Winter/Spring 2025,Winter/Spring 2025
PHOT,A261,Chelsea Mosher,Winter/Spring 2026,Winter/Spring 2026
PHOT,A261,Leslie Mccall,Intersession/Spring 2023,Fall 2025
PHOT,A261,hiroshi Clark,Winter/Spring 2025,Winter/Spring 2025
PHOT,A262,Leslie Mccall,Intersession/Spring 2023,Fall 2026
PHOT,A262,Will Hare,Intersession/Spring 2024,Intersession/Spring 2024
PHOT,A262,hiroshi Clark,Winter/Spring 2025,Winter/Spring 2025
PHOT,A263,Blade Gillissen,Intersession/Spring 2024,Intersession/Spring 2024
PHOT,A263,Chelsea Mosher,Winter/Spring 2026,Winter/Spring 2026
PHOT,A263,Leslie Mccall,Intersession/Spring 2023,Fall 2025
PHOT,A263,hiroshi Clark,Winter/Spring 2025,Winter/Spring 2025
PHOT,A264,John Hesketh,Intersession/Spring 2024,Intersession/Spring 2024
PHOT,A264,Leslie Mccall,Intersession/Spring 2023,Fall 2026
PHOT,A264,hiroshi Clark,Winter/Spring 2025,Winter/Spring 2025
PHOT,A265,Chelsea Mosher,Winter/Spring 2026,Winter/Spring 2026
PHOT,A265,Leslie Mccall,Intersession/Spring 2023,Fall 2026
PHOT,A265,hiroshi Clark,Winter/Spring 2025,Winter/Spring 2025
PHOT,A266,Agatha Ibranossian,Intersession/Spring 2024,Intersession/Spring 2024
PHOT,A266,Leslie Mccall,Intersession/Spring 2023,Fall 2026
PHOT,A267,Blade Gillissen,Intersession/Spring 2024,Intersession/Spring 2024
PHOT,A267,Chelsea Mosher,Winter/Spring 2026,Winter/Spring 2026
PHOT,A267,Leslie Mccall,Intersession/Spring 2023,Fall 2025
PHOT,A280,Leslie Mccall,Intersession/Spring 2023,Winter/Spring 2026
PHOT,A282,Agatha Ibranossian,Intersession/Spring 2023,Winter/Spring 2025
PHOT,A283,Eve Luckring,Intersession/Spring 2023,Winter/Spring 2025
PHOT,A283,hiroshi Clark,Winter/Spring 2026,Winter/Spring 2026
PHOT,A288,Damian Tsutsumida,Intersession/Spring 2024,Intersession/Spring 2024
PHOT,A288,Misha Gravenor,Fall 2026,Fall 2026
PHOT,A289,Damian Tsutsumida,Fall 2023,Fall 2023
PHYS,A110,Alexander Vaucher,Fall 2025,Fall 2026
PHYS,A110,Amirfarshad Bahrehbakhsh,Intersession/Spring 2023,Intersession/Spring 2023
PHYS,A110,Cody Johnston,Intersession/Spring 2023,Intersession/Spring 2023
PHYS,A110,Hana Schiff,Intersession/Spring 2024,Winter/Spring 2025
PHYS,A110,Jerome Fang,Fall 2024,Fall 2024
PHYS,A110,Sara Qubbaj,Winter/Spring 2026,Winter/Spring 2026
PHYS,A110,Stephen Drum,Intersession/Spring 2023,Fall 2023
PHYS,A111,Mike Cooper,Winter/Spring 2025,Winter/Spring 2026
PHYS,A111,Tyler Smith,Intersession/Spring 2024,Intersession/Spring 2024
PHYS,A120,Alexander Vaucher,Fall 2023,Winter/Spring 2025
PHYS,A120,Derek Bryant,Fall 2024,Fall 2025
PHYS,A120,Hana Schiff,Winter/Spring 2026,Winter/Spring 2026
PHYS,A120,Mark Hamamura,Intersession/Spring 2023,Fall 2026
PHYS,A120,Sara Qubbaj,Intersession/Spring 2023,Fall 2026
PHYS,A125,Amirfarshad Bahrehbakhsh,Fall 2024,Fall 2024
PHYS,A125,Derek Bryant,Winter/Spring 2025,Winter/Spring 2025
PHYS,A125,Mark Hamamura,Intersession/Spring 2023,Fall 2026
PHYS,A130,Arnold Guerra III,Fall 2023,Fall 2023
PHYS,A130,Derek Bryant,Fall 2026,Fall 2026
PHYS,A130,Mark Hamamura,Fall 2024,Fall 2024
PHYS,A130,Sara Qubbaj,Fall 2025,Fall 2025
PHYS,A135,Alexander Vaucher,Intersession/Spring 2023,Winter/Spring 2026
PHYS,A135,Arnold Guerra III,Intersession/Spring 2024,Intersession/Spring 2024
PHYS,A135,Mark Hamamura,Winter/Spring 2025,Winter/Spring 2025
PHYS,A185,Alexander Vaucher,Fall 2024,Fall 2024
PHYS,A185,Arnold Guerra III,Intersession/Spring 2023,Fall 2026
PHYS,A185,Jerome Fang,Fall 2023,Fall 2023
PHYS,A185,Stephen Drum,Intersession/Spring 2023,Fall 2026
PHYS,A280,Amirfarshad Bahrehbakhsh,Winter/Spring 2025,Winter/Spring 2025
PHYS,A280,Arnold Guerra III,Intersession/Spring 2023,Winter/Spring 2026
PHYS,A280,Cannon Vogel,Intersession/Spring 2024,Intersession/Spring 2024
PHYS,A280,Jerome Fang,Intersession/Spring 2024,Fall 2026
PHYS,A280,Neil Godfrey,Intersession/Spring 2023,Intersession/Spring 2023
PHYS,A280,Stephen Drum,Summer 2023,Fall 2026
PHYS,A285,Arnold Guerra III,Intersession/Spring 2024,Fall 2026
PHYS,A285,Jerome Fang,Intersession/Spring 2023,Winter/Spring 2025
PHYS,A285,Stephen Drum,Intersession/Spring 2023,Winter/Spring 2026
POLS,A180,Alix Ziff,Winter/Spring 2026,Winter/Spring 2026
POLS,A180,Ann Marie Williams,Fall 2025,Fall 2026
POLS,A180,Craig Becker,Fall 2025,Fall 2025
POLS,A180,Jason Ball,Fall 2025,Fall 2026
POLS,A180,Megan Blash,Fall 2025,Fall 2026
POLS,A180,Patrick Coaty,Fall 2025,Fall 2026
POLS,A180,Rendell Drew,Fall 2025,Fall 2026
POLS,A180,Vesna Kuo,Fall 2025,Fall 2026
POLS,A180H,Ann Marie Williams,Winter/Spring 2026,Fall 2026
PORT,A180,Arlete Bevilaqua,Intersession/Spring 2023,Winter/Spring 2025
PSCI,A101,Ann Marie Williams,Fall 2026,Fall 2026
PSCI,A101,Katelyn Finley,Intersession/Spring 2023,Winter/Spring 2025
PSCI,A110,Alix Ziff,Intersession/Spring 2023,Fall 2026
PSCI,A110,Patrick Coaty,Fall 2023,Intersession/Spring 2024
PSCI,A180,Ann Marie Williams,Intersession/Spring 2023,Winter/Spring 2025
PSCI,A180,Jason Ball,Intersession/Spring 2023,Winter/Spring 2025
PSCI,A180,Megan Blash,Intersession/Spring 2023,Winter/Spring 2025
PSCI,A180,Patrick Coaty,Intersession/Spring 2023,Winter/Spring 2025
PSCI,A180,Rendell Drew,Intersession/Spring 2023,Summer 2025
PSCI,A180,Vesna Kuo,Intersession/Spring 2023,Summer 2025
PSCI,A180H,Ann Marie Williams,Winter/Spring 2025,Winter/Spring 2025
PSCI,A180H,Vesna Kuo,Intersession/Spring 2023,Intersession/Spring 2024
PSCI,A185,Vesna Kuo,Intersession/Spring 2023,Fall 2026
PSCI,A188,Jason Ball,Intersession/Spring 2023,Fall 2026
PSCI,A190,Vesna Kuo,Fall 2024,Fall 2024
PSG,A100,Daniel Goya-Lane,Intersession/Spring 2023,Intersession/Spring 2023
PSG,A100,Jennifer Elias,Fall 2023,Winter/Spring 2026
PSG,A100,Trish Stiger,Intersession/Spring 2024,Winter/Spring 2025
PSG,A140,Daniel Goya-Lane,Fall 2023,Fall 2024
PSG,A140,Jennifer Elias,Fall 2026,Fall 2026
PSG,A150,Daniel Goya-Lane,Intersession/Spring 2023,Winter/Spring 2025
PSG,A150,Jennifer Elias,Intersession/Spring 2023,Intersession/Spring 2023
PSG,A150,Trish Stiger,Intersession/Spring 2024,Intersession/Spring 2024
PSG,A155,Daniel Goya-Lane,Intersession/Spring 2024,Winter/Spring 2025
PSG,A155,Jennifer Elias,Intersession/Spring 2023,Intersession/Spring 2023
PSG,A155,Trish Stiger,Intersession/Spring 2024,Intersession/Spring 2024
PSG,A160,Daniel Goya-Lane,Intersession/Spring 2023,Winter/Spring 2025
PSG,A160,Jennifer Elias,Intersession/Spring 2023,Intersession/Spring 2024
PSG,A165,Daniel Goya-Lane,Intersession/Spring 2023,Intersession/Spring 2024
PSG,A165,Jennifer Elias,Intersession/Spring 2024,Summer 2025
PSG,A170,Daniel Goya-Lane,Intersession/Spring 2023,Winter/Spring 2025
PSG,A175,Daniel Goya-Lane,Summer 2023,Summer 2023
PSG,A175,Jennifer Elias,Fall 2023,Fall 2025
PSG,A190,Daniel Goya-Lane,Fall 2023,Fall 2024
PSG,A190,Jennifer Elias,Summer 2023,Summer 2023
PSG,A250,Daniel Goya-Lane,Fall 2023,Fall 2024
PSG,A250,Jennifer Elias,Fall 2025,Fall 2025
PSG,A250,Trish Stiger,Fall 2024,Fall 2024
PSG,A260,Daniel Goya-Lane,Intersession/Spring 2023,Winter/Spring 2025
PSG,A260,Jennifer Elias,Winter/Spring 2026,Winter/Spring 2026
PSG,A265,Daniel Goya-Lane,Intersession/Spring 2023,Winter/Spring 2025
PSG,A265,Jennifer Elias,Fall 2023,Winter/Spring 2026
PSG,A270,Daniel Goya-Lane,Intersession/Spring 2023,Intersession/Spring 2023
PSG,A280,Daniel Goya-Lane,Winter/Spring 2025,Winter/Spring 2025
PSG,A280,Jennifer Elias,Intersession/Spring 2023,Winter/Spring 2026
PSG,A285,Daniel Goya-Lane,Intersession/Spring 2023,Winter/Spring 2025
PSG,A285,Jennifer Elias,Winter/Spring 2026,Winter/Spring 2026
PSYC,A100,Amy Douma,Fall 2023,Fall 2023
PSYC,A100,Brittany Ingersoll,Intersession/Spring 2023,Fall 2026
PSYC,A100,Carol Basile,Intersession/Spring 2023,Intersession/Spring 2024
PSYC,A100,Hannah Kang,Intersession/Spring 2023,Fall 2026
PSYC,A100,Heather Moeck,Intersession/Spring 2023,Summer 2026
PSYC,A100,Ivette Merced Rudolph,Fall 2025,Fall 2026
PSYC,A100,Jarren Gonzales,Intersession/Spring 2023,Fall 2026
PSYC,A100,Jeanette Pattison,Fall 2024,Fall 2026
PSYC,A100,Laura Ashlock,Fall 2026,Fall 2026
PSYC,A100,Lien Pham,Intersession/Spring 2023,Intersession/Spring 2024
PSYC,A100,Melissa Ferguson,Fall 2024,Fall 2026
PSYC,A100,Micheal Huff,Winter/Spring 2025,Fall 2025
PSYC,A100,Rebecca Sims,Fall 2023,Winter/Spring 2026
PSYC,A100,Sarah Sabet,Fall 2026,Fall 2026
PSYC,A100,carol Schachat,Intersession/Spring 2023,Fall 2023
PSYC,A110,Jarren Gonzales,Summer 2026,Summer 2026
PSYC,A130,Hannah Kang,Intersession/Spring 2023,Fall 2026
PSYC,A130,Heather Moeck,Intersession/Spring 2023,Intersession/Spring 2024
PSYC,A130,Rebecca Sims,Intersession/Spring 2023,Intersession/Spring 2023
PSYC,A130,Sarah Sabet,Winter/Spring 2026,Fall 2026
PSYC,A130,Thomas Norris,Intersession/Spring 2023,Fall 2026
PSYC,A160,Brittany Ingersoll,Intersession/Spring 2023,Winter/Spring 2025
PSYC,A160,Jarren Gonzales,Intersession/Spring 2023,Fall 2026
PSYC,A160,Lora Connor,Intersession/Spring 2023,Fall 2026
PSYC,A160,Susan Gil,Fall 2025,Winter/Spring 2026
PSYC,A185,Thomas Norris,Intersession/Spring 2023,Fall 2024
PSYC,A190,Hannah Kang,Summer 2026,Summer 2026
PSYC,A190,Jarren Gonzales,Summer 2024,Summer 2026
PSYC,A190,carol Schachat,Intersession/Spring 2023,Intersession/Spring 2023
PSYC,A190H,Jarren Gonzales,Summer 2024,Summer 2026
PSYC,A200,Jarren Gonzales,Summer 2024,Summer 2024
PSYC,A220,James Smolin,Intersession/Spring 2023,Intersession/Spring 2024
PSYC,A220,Lora Connor,Fall 2024,Fall 2025
PSYC,A220,Micheal Huff,Winter/Spring 2026,Fall 2026
PSYC,A220,Thomas Norris,Winter/Spring 2025,Fall 2026
PSYC,A250,Amy Douma,Intersession/Spring 2023,Intersession/Spring 2023
PSYC,A250,Jeanette Pattison,Fall 2023,Intersession/Spring 2024
PSYC,A250,Laris Rodriguez Cintron,Intersession/Spring 2023,Fall 2026
PSYC,A250,Melissa Ferguson,Intersession/Spring 2023,Fall 2026
PSYC,A255,Heather Moeck,Fall 2024,Fall 2026
PSYC,A255,James Smolin,Intersession/Spring 2023,Intersession/Spring 2024
PSYC,A255,Thomas Norris,Winter/Spring 2025,Fall 2026
PSYC,A260,Heather Moeck,Intersession/Spring 2023,Fall 2026
PSYC,A260,Ivette Merced Rudolph,Fall 2025,Fall 2026
PSYC,A260,Laura Ashlock,Fall 2026,Fall 2026
PSYC,A260,Lien Pham,Intersession/Spring 2023,Intersession/Spring 2024
PSYC,A260,Rebecca Sims,Fall 2024,Winter/Spring 2025
PSYC,A270,Edward Chen,Intersession/Spring 2023,Intersession/Spring 2023
PSYC,A270,Thomas Norris,Fall 2024,Fall 2024
PSYC,A270,carol Schachat,Intersession/Spring 2024,Intersession/Spring 2024
PSYC,A280,Edward Chen,Intersession/Spring 2023,Intersession/Spring 2023
PSYC,A280,Jeanette Pattison,Intersession/Spring 2024,Fall 2026
PSYC,A280,Laris Rodriguez Cintron,Intersession/Spring 2023,Fall 2026
PSYC,A280,Lora Connor,Intersession/Spring 2023,Fall 2026
PSYC,A280,Melissa Ferguson,Intersession/Spring 2023,Fall 2026
PSYC,A280,Micheal Huff,Fall 2025,Fall 2026
PSYC,A280,Milan Suzuki,Fall 2023,Winter/Spring 2025
PSYC,A280,Susan Gil,Winter/Spring 2026,Winter/Spring 2026
PUBH,A001N,Georgia Halkia,Fall 2023,Fall 2026
PUBH,A002N,Georgia Halkia,Intersession/Spring 2024,Winter/Spring 2026
PUBH,A003N,Georgia Halkia,Intersession/Spring 2024,Summer 2026
PUBH,A004N,Georgia Halkia,Winter/Spring 2026,Winter/Spring 2026
PUBH,A100,Anna Hanlon,Intersession/Spring 2023,Summer 2024
PUBH,A100,Courtney Tarango,Winter/Spring 2025,Winter/Spring 2025
PUBH,A100,Diane Brown,Intersession/Spring 2023,Fall 2026
PUBH,A100,Georgia Halkia,Fall 2023,Summer 2026
PUBH,A100,Guido Sendowsky,Summer 2023,Summer 2023
PUBH,A100,Prasad Vinjamury,Winter/Spring 2026,Fall 2026
PUBH,A100,Theresa Duong,Intersession/Spring 2023,Fall 2023
PUBH,A160,Diane Brown,Intersession/Spring 2023,Fall 2024
PUBH,A200,Anna Hanlon,Intersession/Spring 2024,Fall 2024
PUBH,A200,Diane Brown,Intersession/Spring 2024,Fall 2026
PUBH,A200,Georgia Halkia,Intersession/Spring 2023,Fall 2026
PUBH,A200H,Diane Brown,Summer 2024,Fall 2026
PUBH,A200H,Georgia Halkia,Intersession/Spring 2023,Fall 2026
PUBH,A202,Diane Brown,Intersession/Spring 2023,Fall 2026
PUBH,A203,Diane Brown,Intersession/Spring 2023,Winter/Spring 2026
PUBH,A208,Georgia Halkia,Fall 2025,Fall 2025
PUBH,A208,Marcus Carreon,Fall 2024,Fall 2024
PUBH,A210,Georgia Halkia,Intersession/Spring 2023,Intersession/Spring 2023
PUBH,A220,Diane Brown,Fall 2023,Fall 2026
PUBH,A260,Diane Brown,Intersession/Spring 2023,Fall 2024
RADT,A100,Carla Cook,Winter/Spring 2026,Fall 2026
RADT,A100,Kelly Holt,Fall 2024,Fall 2024
RADT,A100,Loren Sachs,Summer 2023,Fall 2025
RADT,A100,Tim Gibbs,Fall 2023,Fall 2023
RADT,A105,Jennica Mendiola,Fall 2026,Fall 2026
RADT,A105,Kelly Holt,Fall 2023,Fall 2023
RADT,A105,Loren Sachs,Fall 2024,Fall 2025
RADT,A165,April Roberson,Fall 2025,Fall 2026
RADT,A165,Kelly Holt,Fall 2023,Fall 2024
RADT,A170,Anthony Luong,Fall 2024,Fall 2024
RADT,A170,April Roberson,Fall 2025,Fall 2026
RADT,A170,Jacquelyn Duley,Fall 2023,Fall 2023
RADT,A171,April Roberson,Fall 2026,Fall 2026
RADT,A171,Elizabeth Barton,Fall 2023,Fall 2025
RADT,A171,Jennica Mendiola,Fall 2026,Fall 2026
RADT,A171,Kelly Holt,Fall 2023,Fall 2023
RADT,A171,Loren Sachs,Fall 2024,Fall 2024
RADT,A172,April Roberson,Winter/Spring 2026,Winter/Spring 2026
RADT,A172,Loren Sachs,Intersession/Spring 2023,Winter/Spring 2025
RADT,A175,April Roberson,Winter/Spring 2026,Winter/Spring 2026
RADT,A175,Jacquelyn Duley,Intersession/Spring 2024,Intersession/Spring 2024
RADT,A175,Kelly Holt,Intersession/Spring 2023,Intersession/Spring 2023
RADT,A175,Loren Sachs,Winter/Spring 2025,Winter/Spring 2025
RADT,A176,April Roberson,Winter/Spring 2026,Winter/Spring 2026
RADT,A176,Elizabeth Barton,Winter/Spring 2025,Winter/Spring 2026
RADT,A176,Jacquelyn Duley,Intersession/Spring 2024,Intersession/Spring 2024
RADT,A176,Kelly Holt,Intersession/Spring 2023,Intersession/Spring 2024
RADT,A176,Loren Sachs,Winter/Spring 2025,Winter/Spring 2025
RADT,A177,April Roberson,Summer 2026,Summer 2026
RADT,A177,Loren Sachs,Summer 2023,Summer 2025
RADT,A180,Carla Cook,Fall 2025,Fall 2026
RADT,A180,Kelly Holt,Fall 2023,Fall 2023
RADT,A180,Loren Sachs,Fall 2024,Fall 2024
RADT,A185,Carla Cook,Winter/Spring 2025,Winter/Spring 2026
RADT,A185,Kelly Holt,Intersession/Spring 2023,Intersession/Spring 2024
RADT,A195,Anthony Luong,Intersession/Spring 2024,Intersession/Spring 2024
RADT,A195,April Roberson,Winter/Spring 2026,Winter/Spring 2026
RADT,A195,Loren Sachs,Intersession/Spring 2023,Winter/Spring 2025
RADT,A211,April Roberson,Winter/Spring 2025,Fall 2026
RADT,A211,Kelly Holt,Intersession/Spring 2023,Fall 2024
RADT,A212,Kelly Holt,Intersession/Spring 2023,Fall 2025
RADT,A216,Kelly Holt,Winter/Spring 2026,Winter/Spring 2026
RADT,A216,Loren Sachs,Intersession/Spring 2023,Winter/Spring 2025
RADT,A221,April Roberson,Winter/Spring 2025,Winter/Spring 2026
RADT,A221,Kelly Holt,Intersession/Spring 2023,Intersession/Spring 2024
RADT,A222,Loren Sachs,Summer 2023,Summer 2025
RADT,A265,Jennica Mendiola,Fall 2026,Fall 2026
RADT,A265,Loren Sachs,Fall 2023,Fall 2025
RADT,A270,Anthony Luong,Fall 2023,Fall 2023
RADT,A270,Jennica Mendiola,Fall 2026,Fall 2026
RADT,A270,Loren Sachs,Fall 2024,Fall 2025
RADT,A271,Elizabeth Barton,Fall 2026,Fall 2026
RADT,A271,Kelly Holt,Fall 2023,Fall 2023
RADT,A271,Loren Sachs,Fall 2024,Fall 2025
RADT,A275,Carla Cook,Winter/Spring 2026,Winter/Spring 2026
RADT,A275,Loren Sachs,Intersession/Spring 2023,Winter/Spring 2025
RADT,A276,April Roberson,Winter/Spring 2026,Winter/Spring 2026
RADT,A276,Loren Sachs,Intersession/Spring 2023,Winter/Spring 2025
RADT,A277,Elizabeth Barton,Winter/Spring 2026,Winter/Spring 2026
RADT,A277,Loren Sachs,Intersession/Spring 2023,Winter/Spring 2025
RADT,A285,Carla Cook,Winter/Spring 2026,Winter/Spring 2026
RADT,A285,Loren Sachs,Intersession/Spring 2023,Winter/Spring 2025
RADT,A290,Carla Cook,Winter/Spring 2026,Winter/Spring 2026
RADT,A290,Loren Sachs,Intersession/Spring 2023,Winter/Spring 2025
RE,A110,Blair Havens,Summer 2026,Fall 2026
RE,A110,Jennifer Grootegoed,Fall 2026,Fall 2026
RE,A110,Leslie Beau,Intersession/Spring 2023,Winter/Spring 2026
RE,A120,Blair Havens,Fall 2026,Fall 2026
RE,A120,Leslie Beau,Intersession/Spring 2023,Winter/Spring 2026
RE,A130,Jennifer Grootegoed,Summer 2026,Fall 2026
RE,A130,Leslie Beau,Intersession/Spring 2023,Winter/Spring 2026
RLST,A100,Philip Simpkin,Intersession/Spring 2023,Fall 2026
RLST,A110,Richard Vulich,Intersession/Spring 2023,Fall 2026
RLST,A150,Philip Simpkin,Fall 2026,Fall 2026
RLST,A151,Philip Simpkin,Fall 2023,Fall 2023
RSPC,A185,Alison Riggio,Fall 2023,Fall 2026
RSPC,A190,Alison Riggio,Fall 2023,Fall 2026
RSPC,A191,Ann Boutilier,Winter/Spring 2025,Winter/Spring 2026
RSPC,A191,Christina Montano,Intersession/Spring 2023,Winter/Spring 2026
RSPC,A192,Christina Montano,Summer 2023,Summer 2026
RSPC,A195,Christina Montano,Fall 2023,Fall 2026
RSPC,A196,Christina Montano,Summer 2023,Summer 2026
RSPC,A212,Ann Boutilier,Intersession/Spring 2024,Summer 2025
RSPC,A222,Ann Boutilier,Summer 2024,Winter/Spring 2026
RSPC,A255,Christina Montano,Intersession/Spring 2023,Winter/Spring 2026
RSPC,A260,Alison Riggio,Intersession/Spring 2023,Winter/Spring 2026
RSPC,A265,Christina Montano,Fall 2023,Fall 2026
RSPC,A270,Christina Montano,Fall 2023,Fall 2026
RSPC,A275,Alison Riggio,Intersession/Spring 2023,Winter/Spring 2026
RSPC,A276,Christina Montano,Fall 2023,Fall 2026
RSPC,A278,Alison Riggio,Intersession/Spring 2023,Winter/Spring 2026
RSPC,A279,Alison Riggio,Fall 2023,Fall 2026
RSPC,A280,Alison Riggio,Intersession/Spring 2023,Winter/Spring 2026
RSPC,A285,Ann Boutilier,Intersession/Spring 2023,Winter/Spring 2026
RSPC,A286,Christina Montano,Intersession/Spring 2023,Winter/Spring 2026
RSPC,A287,Christina Montano,Intersession/Spring 2023,Winter/Spring 2026
RSPC,A290,Christina Montano,Intersession/Spring 2023,Winter/Spring 2026
RSPC,A296,Alison Riggio,Intersession/Spring 2023,Winter/Spring 2026
SLPA,A100,Jimmy Nguyen,Fall 2023,Fall 2026
SLPA,A112,Jillian Yudin,Winter/Spring 2025,Winter/Spring 2026
SLPA,A112,Jimmy Nguyen,Fall 2024,Fall 2024
SLPA,A112,Tricia Buckles,Intersession/Spring 2023,Intersession/Spring 2024
SLPA,A115,Jillian Yudin,Fall 2025,Fall 2026
SLPA,A115,Jimmy Nguyen,Fall 2023,Fall 2024
SLPA,A120,Jimmy Nguyen,Fall 2023,Fall 2026
SLPA,A140,Jimmy Nguyen,Intersession/Spring 2023,Winter/Spring 2026
SLPA,A150,Jimmy Nguyen,Intersession/Spring 2023,Winter/Spring 2026
SLPA,A180,Jimmy Nguyen,Fall 2023,Fall 2026
SLPA,A190,Jimmy Nguyen,Fall 2023,Fall 2026
SLPA,A200,Jimmy Nguyen,Intersession/Spring 2023,Winter/Spring 2026
SLPA,A250,Jimmy Nguyen,Intersession/Spring 2023,Winter/Spring 2026
SOC,A100,Candy Pettus,Intersession/Spring 2023,Fall 2026
SOC,A100,Cristofer Fanego,Intersession/Spring 2023,Fall 2026
SOC,A100,Eric Anderson,Winter/Spring 2026,Fall 2026
SOC,A100,Felix Lamorena Jr,Fall 2023,Intersession/Spring 2024
SOC,A100,Kayla LaBounty,Fall 2023,Winter/Spring 2026
SOC,A100,Melinda Vandervis,Intersession/Spring 2023,Winter/Spring 2025
SOC,A100,Rachel Ridnor,Intersession/Spring 2023,Fall 2026
SOC,A100,Takahito Tanaka,Summer 2023,Summer 2023
SOC,A100H,Rachel Ridnor,Fall 2023,Fall 2026
SOC,A110,Candy Pettus,Intersession/Spring 2023,Fall 2026
SOC,A110,Cristofer Fanego,Fall 2025,Fall 2025
SOC,A110,Melinda Vandervis,Intersession/Spring 2023,Winter/Spring 2025
SOC,A150,Rachel Ridnor,Intersession/Spring 2023,Winter/Spring 2026
SOC,A185,Rachel Ridnor,Intersession/Spring 2023,Fall 2026
SOC,A200,Rachel Ridnor,Intersession/Spring 2023,Winter/Spring 2026
SPAN,A160,Adrienne Merlo,Fall 2026,Fall 2026
SPAN,A180,Adrienne Merlo,Summer 2023,Summer 2026
SPAN,A180,Ali Muelas,Intersession/Spring 2023,Intersession/Spring 2023
SPAN,A180,Arlete Bevilaqua,Intersession/Spring 2023,Fall 2026
SPAN,A180,Denise Cabanel-Bleuer,Intersession/Spring 2023,Fall 2026
SPAN,A180,Jocelyn Sherman Falcioni,Intersession/Spring 2023,Fall 2026
SPAN,A180,jeffery brown Brown,Intersession/Spring 2023,Fall 2026
SPAN,A180H,Denise Cabanel-Bleuer,Fall 2025,Fall 2026
SPAN,A180H,Jocelyn Sherman Falcioni,Intersession/Spring 2023,Winter/Spring 2026
SPAN,A185,Denise Cabanel-Bleuer,Intersession/Spring 2023,Fall 2026
SPAN,A185,Jocelyn Sherman Falcioni,Intersession/Spring 2023,Fall 2026
SPAN,A185,jeffery brown Brown,Summer 2026,Summer 2026
SPAN,A185H,Denise Cabanel-Bleuer,Intersession/Spring 2023,Winter/Spring 2026
SPAN,A185H,Jocelyn Sherman Falcioni,Fall 2023,Fall 2026
SPAN,A199,Jocelyn Sherman Falcioni,Summer 2025,Summer 2025
SPAN,A199,jeffery brown Brown,Summer 2026,Summer 2026
SPAN,A280,Denise Cabanel-Bleuer,Summer 2023,Summer 2023
SPAN,A280,Jocelyn Sherman Falcioni,Intersession/Spring 2023,Summer 2025
SPAN,A280,jeffery brown Brown,Fall 2023,Fall 2026
SPAN,A285,Denise Cabanel-Bleuer,Summer 2023,Summer 2023
SPAN,A285,jeffery brown Brown,Intersession/Spring 2023,Summer 2026
STAT,A160,Anton Butenko,Fall 2025,Fall 2026
STAT,A160,Dai Nguyen,Fall 2026,Fall 2026
STAT,A160,Douglas Lloyd,Fall 2025,Fall 2026
STAT,A160,Huyvu Phan,Fall 2025,Fall 2026
STAT,A160,James Carver,Fall 2025,Fall 2025
STAT,A160,Joseph Ninh,Fall 2026,Fall 2026
STAT,A160,Kira Kuznetsov,Fall 2026,Fall 2026
STAT,A160,Manon Bedou,Fall 2026,Fall 2026
STAT,A160,Mansour Abdoli,Fall 2025,Winter/Spring 2026
STAT,A160,Parvin Ramedani,Winter/Spring 2026,Winter/Spring 2026
STAT,A160,Paul Yi,Fall 2025,Fall 2026
STAT,A160,Phoebe Chung,Fall 2026,Fall 2026
STAT,A160,Sunny Le,Fall 2025,Winter/Spring 2026
STAT,A160,Thanh Hoang,Winter/Spring 2026,Winter/Spring 2026
STAT,A160,Timothy Choi,Winter/Spring 2026,Winter/Spring 2026
STAT,A160,Timothy Cooley,Fall 2026,Fall 2026
STAT,A160,Trevor Ridley,Fall 2025,Fall 2026
STAT,A160,Vu Phan,Fall 2025,Fall 2026
THEA,A001N,Bethany Kraemer,Fall 2026,Fall 2026
THEA,A001N,Cynthia Corley,Fall 2026,Fall 2026
THEA,A100,Cynthia Corley,Intersession/Spring 2023,Fall 2026
THEA,A101,Cynthia Corley,Intersession/Spring 2023,Fall 2026
THEA,A102,Peter Uribe,Fall 2026,Fall 2026
THEA,A103,Bodie Newcomb,Fall 2024,Fall 2025
THEA,A103,Peter Uribe,Intersession/Spring 2023,Intersession/Spring 2024
THEA,A104,Bodie Newcomb,Fall 2024,Fall 2025
THEA,A104,Peter Uribe,Intersession/Spring 2023,Intersession/Spring 2024
THEA,A105,Abel Garcia,Fall 2026,Fall 2026
THEA,A105,Bethany Kraemer,Intersession/Spring 2023,Winter/Spring 2026
THEA,A105,Bodie Newcomb,Winter/Spring 2026,Fall 2026
THEA,A105,Jeremy Aluma,Intersession/Spring 2024,Fall 2025
THEA,A105,Phyllis Gitlin,Intersession/Spring 2023,Fall 2023
THEA,A105,Wyn Moreno,Intersession/Spring 2024,Intersession/Spring 2024
THEA,A106,Bethany Kraemer,Intersession/Spring 2023,Winter/Spring 2026
THEA,A106,Bodie Newcomb,Winter/Spring 2026,Fall 2026
THEA,A106,Jamieson Price,Fall 2026,Fall 2026
THEA,A106,Jeremy Aluma,Intersession/Spring 2024,Fall 2025
THEA,A106,Phyllis Gitlin,Intersession/Spring 2023,Fall 2023
THEA,A106,Wyn Moreno,Intersession/Spring 2024,Intersession/Spring 2024
THEA,A107,Jamieson Price,Winter/Spring 2026,Winter/Spring 2026
THEA,A107,Peter Uribe,Fall 2025,Fall 2026
THEA,A107,Tom Bruno,Intersession/Spring 2023,Winter/Spring 2025
THEA,A110,Rick Golson,Intersession/Spring 2023,Winter/Spring 2026
THEA,A111,Rick Golson,Intersession/Spring 2023,Winter/Spring 2026
THEA,A112,Rick Golson,Intersession/Spring 2023,Winter/Spring 2026
THEA,A115,Jamieson Price,Winter/Spring 2025,Winter/Spring 2026
THEA,A115,Tom Bruno,Intersession/Spring 2023,Intersession/Spring 2024
THEA,A120,Peter Uribe,Fall 2024,Fall 2024
THEA,A120,Wyn Moreno,Intersession/Spring 2023,Fall 2025
THEA,A121,Peter Uribe,Fall 2024,Fall 2024
THEA,A121,Wyn Moreno,Intersession/Spring 2023,Fall 2025
THEA,A122,Peter Uribe,Fall 2024,Fall 2024
THEA,A122,Wyn Moreno,Intersession/Spring 2023,Fall 2025
THEA,A123,Bethany Kraemer,Intersession/Spring 2024,Fall 2026
THEA,A123,Peter Uribe,Winter/Spring 2025,Winter/Spring 2026
THEA,A124,Bethany Kraemer,Intersession/Spring 2024,Fall 2026
THEA,A124,Peter Uribe,Winter/Spring 2025,Winter/Spring 2026
THEA,A125,Bethany Kraemer,Intersession/Spring 2024,Fall 2026
THEA,A125,Peter Uribe,Winter/Spring 2025,Winter/Spring 2026
THEA,A126,Mary Wolff,Winter/Spring 2026,Winter/Spring 2026
THEA,A126,Ryan Miller,Winter/Spring 2025,Winter/Spring 2025
THEA,A126,Tom Bruno,Intersession/Spring 2023,Intersession/Spring 2024
THEA,A127,Mary Wolff,Winter/Spring 2026,Winter/Spring 2026
THEA,A127,Ryan Miller,Winter/Spring 2025,Winter/Spring 2025
THEA,A127,Tom Bruno,Intersession/Spring 2023,Intersession/Spring 2024
THEA,A128,Mary Wolff,Winter/Spring 2026,Winter/Spring 2026
THEA,A128,Ryan Miller,Winter/Spring 2025,Winter/Spring 2025
THEA,A128,Tom Bruno,Intersession/Spring 2023,Intersession/Spring 2024
THEA,A129,Rick Golson,Fall 2023,Fall 2026
THEA,A131,Cynthia Corley,Fall 2024,Fall 2026
THEA,A131,Tom Bruno,Intersession/Spring 2023,Intersession/Spring 2024
THEA,A132,Cynthia Corley,Fall 2024,Fall 2026
THEA,A132,Tom Bruno,Intersession/Spring 2023,Intersession/Spring 2024
THEA,A133,Cynthia Corley,Fall 2024,Fall 2026
THEA,A133,Tom Bruno,Intersession/Spring 2023,Intersession/Spring 2024
THEA,A134,Cynthia Corley,Fall 2024,Fall 2026
THEA,A134,Tom Bruno,Intersession/Spring 2023,Intersession/Spring 2024
THEA,A144,Peter Uribe,Summer 2026,Summer 2026
THEA,A172,Peter Uribe,Fall 2023,Fall 2023
THEA,A176,Crystal Shomph,Fall 2025,Fall 2025
THEA,A176,Kassia Curl,Fall 2026,Fall 2026
THEA,A176,Stacy Fireheart,Fall 2023,Fall 2024
THEA,A177,Courtney Foster,Winter/Spring 2025,Winter/Spring 2026
THEA,A177,David Scaglione,Intersession/Spring 2023,Intersession/Spring 2024
THEA,A178,Cynthia Corley,Intersession/Spring 2023,Intersession/Spring 2023
THEA,A178,Trustin Adams,Intersession/Spring 2024,Winter/Spring 2026
THEA,A188,Wyn Moreno,Fall 2024,Winter/Spring 2026
THEA,A189,Peter Uribe,Intersession/Spring 2023,Intersession/Spring 2024
THEA,A189,Travis Sims,Fall 2026,Fall 2026
THEA,A189,Wyn Moreno,Winter/Spring 2025,Winter/Spring 2025
THEA,A200,Jamieson Price,Winter/Spring 2025,Winter/Spring 2025
THEA,A200,Wyn Moreno,Fall 2023,Fall 2023
THEA,A206,Peter Uribe,Fall 2025,Fall 2026
THEA,A206,Tom Bruno,Intersession/Spring 2023,Winter/Spring 2025
THEA,A207,Peter Uribe,Fall 2025,Fall 2026
THEA,A207,Tom Bruno,Intersession/Spring 2023,Winter/Spring 2025
THEA,A275,Jamieson Price,Fall 2024,Fall 2025
THEA,A275,Tom Bruno,Fall 2023,Fall 2023
THEA,A285,Jamieson Price,Fall 2024,Fall 2025
THEA,A285,Tom Bruno,Fall 2023,Fall 2023
TUTR,A050N,Cara Sharp,Intersession/Spring 2023,Fall 2023
TUTR,A050N,Kate McCarroll,Fall 2024,Fall 2026
TUTR,A050N,Matthew Mayer,Summer 2024,Summer 2024
TUTR,A050N,Michelle Livote,Intersession/Spring 2024,Intersession/Spring 2024
TUTR,A050N,Nina Barrios,Summer 2023,Summer 2023
TUTR,A090N,Jeanette Grimm,Intersession/Spring 2023,Intersession/Spring 2023
TUTR,A090N,Kate McCarroll,Fall 2024,Winter/Spring 2026
TUTR,A090N,Virginia Nuzzolese-Laflamme,Fall 2023,Intersession/Spring 2024
TUTR,A091N,Jeanette Grimm,Intersession/Spring 2023,Intersession/Spring 2023
TUTR,A091N,Kate McCarroll,Fall 2024,Winter/Spring 2026
TUTR,A091N,Virginia Nuzzolese-Laflamme,Fall 2023,Intersession/Spring 2024
VIET,A180,Thomas Tran,Fall 2023,Fall 2026
VIET,A185,Thomas Tran,Intersession/Spring 2023,Intersession/Spring 2023
WELD,A100,Brendon Kirby,Intersession/Spring 2024,Winter/Spring 2026
WELD,A100,Charlene Newman,Fall 2023,Winter/Spring 2026
WELD,A100,Eric Budwig,Intersession/Spring 2023,Winter/Spring 2025
WELD,A100,John Maxwell,Intersession/Spring 2023,Fall 2024
WELD,A100,Michael Lannom,Intersession/Spring 2023,Winter/Spring 2026
WELD,A101,Brendon Kirby,Intersession/Spring 2024,Winter/Spring 2026
WELD,A101,Charlene Newman,Fall 2023,Fall 2026
WELD,A101,Eric Budwig,Intersession/Spring 2023,Winter/Spring 2025
WELD,A101,John Maxwell,Intersession/Spring 2023,Fall 2026
WELD,A101,Michael Lannom,Intersession/Spring 2023,Fall 2026
WELD,A102,Michael Lannom,Intersession/Spring 2023,Fall 2026
WELD,A103,Michael Lannom,Intersession/Spring 2023,Fall 2026
WELD,A104,Michael Lannom,Intersession/Spring 2023,Fall 2026
WELD,A105,Michael Lannom,Intersession/Spring 2023,Fall 2026
WELD,A106,Michael Lannom,Intersession/Spring 2023,Fall 2026
WELD,A107,Michael Lannom,Intersession/Spring 2023,Fall 2026
WELD,A108,Michael Lannom,Intersession/Spring 2023,Fall 2026
WELD,A109,Michael Lannom,Intersession/Spring 2023,Fall 2026
WELD,A110,Michael Lannom,Intersession/Spring 2023,Fall 2026
WELD,A111,Michael Lannom,Intersession/Spring 2023,Fall 2026
WELD,A115,Brendon Kirby,Fall 2025,Fall 2026
WELD,A115,Charlene Newman,Fall 2025,Fall 2026
WELD,A115,Eric Budwig,Intersession/Spring 2023,Summer 2026
WELD,A115,Michael Lannom,Fall 2025,Fall 2026
WELD,A116,Brendon Kirby,Fall 2025,Winter/Spring 2026
WELD,A116,Charlene Newman,Fall 2025,Fall 2026
WELD,A116,Eric Budwig,Intersession/Spring 2023,Summer 2026
WELD,A116,John Maxwell,Fall 2026,Fall 2026
WELD,A116,Michael Lannom,Fall 2025,Fall 2026
WELD,A117,Brendon Kirby,Fall 2025,Winter/Spring 2026
WELD,A117,Charlene Newman,Fall 2025,Winter/Spring 2026
WELD,A117,Eric Budwig,Intersession/Spring 2023,Summer 2026
WELD,A117,Michael Lannom,Fall 2025,Winter/Spring 2026
WELD,A118,Brendon Kirby,Fall 2025,Winter/Spring 2026
WELD,A118,Charlene Newman,Fall 2025,Winter/Spring 2026
WELD,A118,Eric Budwig,Intersession/Spring 2023,Summer 2026
WELD,A118,Michael Lannom,Fall 2025,Winter/Spring 2026
WELD,A120,Eric Budwig,Intersession/Spring 2024,Fall 2025
WELD,A120,Michael Lannom,Intersession/Spring 2024,Fall 2025
WELD,A130,Eric Budwig,Fall 2025,Fall 2026
WELD,A130,Justin Evans,Winter/Spring 2025,Fall 2026
WELD,A130,Michael Lannom,Intersession/Spring 2023,Winter/Spring 2026
WELD,A130,Troy Johnson,Intersession/Spring 2023,Intersession/Spring 2024
WELD,A131,Eric Budwig,Fall 2025,Fall 2026
WELD,A131,Justin Evans,Winter/Spring 2025,Fall 2026
WELD,A131,Michael Lannom,Intersession/Spring 2023,Winter/Spring 2026
WELD,A131,Troy Johnson,Intersession/Spring 2023,Intersession/Spring 2024
WELD,A140,Alex Bilbao,Summer 2026,Summer 2026
WELD,A140,Charlene Newman,Intersession/Spring 2023,Fall 2024
WELD,A140,Eric Budwig,Summer 2023,Summer 2025
WELD,A140,Steve Merrick,Winter/Spring 2025,Fall 2026
WELD,A140,Troy Johnson,Summer 2024,Summer 2024
WELD,A141,Alex Bilbao,Summer 2026,Summer 2026
WELD,A141,Charlene Newman,Intersession/Spring 2023,Fall 2024
WELD,A141,Eric Budwig,Summer 2023,Summer 2025
WELD,A141,Steve Merrick,Winter/Spring 2025,Fall 2026
WELD,A141,Troy Johnson,Summer 2024,Summer 2024
WELD,A142,Alex Bilbao,Summer 2026,Summer 2026
WELD,A142,Charlene Newman,Intersession/Spring 2023,Fall 2024
WELD,A142,Eric Budwig,Summer 2023,Summer 2025
WELD,A142,Steve Merrick,Winter/Spring 2025,Fall 2026
WELD,A142,Troy Johnson,Summer 2024,Summer 2024
WELD,A143,Alex Bilbao,Summer 2026,Summer 2026
WELD,A143,Charlene Newman,Intersession/Spring 2023,Fall 2024
WELD,A143,Eric Budwig,Summer 2023,Summer 2025
WELD,A143,Steve Merrick,Winter/Spring 2025,Fall 2026
WELD,A143,Troy Johnson,Summer 2024,Summer 2024
WELD,A180,Charlene Newman,Summer 2024,Summer 2026
WELD,A180,Troy Johnson,Summer 2023,Summer 2024
WELD,A200,Eric Budwig,Intersession/Spring 2023,Winter/Spring 2026
WELD,A200,Michael Lannom,Fall 2023,Fall 2025
WELD,A201,Eric Budwig,Intersession/Spring 2023,Fall 2026
WELD,A201,Michael Lannom,Fall 2023,Fall 2026
WELD,A210,Eric Budwig,Winter/Spring 2025,Fall 2026
WELD,A210,Michael Lannom,Fall 2023,Fall 2026
WELD,A211,Alex Bilbao,Winter/Spring 2025,Summer 2026
WELD,A211,Joy Fire Brenneman,Intersession/Spring 2023,Intersession/Spring 2023
WELD,A211,Michael Lannom,Fall 2024,Fall 2024
WELD,A211,Troy Johnson,Intersession/Spring 2023,Intersession/Spring 2024
WELD,A212,Alex Bilbao,Winter/Spring 2025,Summer 2026
WELD,A212,Joy Fire Brenneman,Intersession/Spring 2023,Intersession/Spring 2023
WELD,A212,Michael Lannom,Fall 2024,Fall 2024
WELD,A212,Troy Johnson,Intersession/Spring 2023,Intersession/Spring 2024
WELD,A215,Eric Budwig,Fall 2025,Fall 2026
WELD,A215,Michael Lannom,Intersession/Spring 2023,Fall 2026
WELD,A216,Eric Budwig,Fall 2025,Fall 2026
WELD,A216,Michael Lannom,Intersession/Spring 2023,Fall 2026
WELD,A217,Eric Budwig,Fall 2025,Winter/Spring 2026
WELD,A217,Michael Lannom,Intersession/Spring 2023,Fall 2025
WELD,A218,Eric Budwig,Fall 2025,Winter/Spring 2026
WELD,A218,Michael Lannom,Intersession/Spring 2023,Fall 2025
WELD,A220,Eric Budwig,Summer 2023,Summer 2026
WELD,A223,Charlene Newman,Intersession/Spring 2023,Summer 2026
WELD,A223,Steve Merrick,Winter/Spring 2025,Fall 2026
WELD,A223,Troy Johnson,Summer 2023,Summer 2023
WELD,A224,Charlene Newman,Intersession/Spring 2023,Summer 2026
WELD,A224,Steve Merrick,Winter/Spring 2025,Fall 2026
WELD,A224,Troy Johnson,Summer 2023,Summer 2023
WELD,A225,Charlene Newman,Intersession/Spring 2023,Summer 2026
WELD,A225,Steve Merrick,Winter/Spring 2025,Fall 2026
WELD,A225,Troy Johnson,Summer 2023,Summer 2023
WELD,A226,Charlene Newman,Intersession/Spring 2023,Summer 2026
WELD,A226,Steve Merrick,Winter/Spring 2025,Fall 2026
WELD,A226,Troy Johnson,Summer 2023,Summer 2023
WELD,A230,Eric Budwig,Fall 2024,Winter/Spring 2026
WELD,A230,Michael Lannom,Intersession/Spring 2023,Winter/Spring 2026
WELD,A250,Eric Budwig,Fall 2023,Winter/Spring 2025
WELD,A250,Michael Lannom,Intersession/Spring 2023,Fall 2026
WELD,A251,Eric Budwig,Fall 2023,Intersession/Spring 2024
WELD,A251,Michael Lannom,Intersession/Spring 2023,Fall 2026
WELD,A252,Eric Budwig,Fall 2023,Fall 2023
WELD,A252,Michael Lannom,Intersession/Spring 2023,Winter/Spring 2026
WELD,A253,Eric Budwig,Fall 2023,Fall 2023
WELD,A253,Michael Lannom,Intersession/Spring 2023,Winter/Spring 2026
WELD,A255,Justin Evans,Winter/Spring 2025,Fall 2026
WELD,A255,Michael Lannom,Fall 2024,Fall 2024
WELD,A255,Troy Johnson,Intersession/Spring 2023,Intersession/Spring 2024
WELD,A256,Justin Evans,Winter/Spring 2025,Fall 2026
WELD,A256,Michael Lannom,Fall 2024,Fall 2024
WELD,A256,Troy Johnson,Intersession/Spring 2023,Intersession/Spring 2024
